transaction_id,merchant_id,category,amount_normalized,raw_amount
tx-000000000,merchant-00205,electronica,0.640148,16003.7
tx-000000001,merchant-01144,ferreteria,0.246402,6160.05
tx-000000002,merchant-04468,ferreteria,0.677346,16933.65
tx-000000003,merchant-00261,alimentos,0.591312,14782.79
tx-000000004,merchant-01906,colmado,0.095508,2387.7
tx-000000005,merchant-04598,ropa,0.602815,15070.37
tx-000000006,merchant-04465,transporte,0.716588,17914.69
tx-000000007,merchant-04828,electronica,0.222,5549.99
tx-000000008,merchant-00054,farmacia,0.809812,20245.29
tx-000000009,merchant-02788,electronica,0.698743,17468.58
tx-000000010,merchant-02758,ferreteria,0.157168,3929.21
tx-000000011,merchant-00793,servicios,0.09456,2364.01
tx-000000012,merchant-04946,electronica,0.847799,21194.98
tx-000000013,merchant-03764,colmado,0.807514,20187.85
tx-000000014,merchant-03101,ferreteria,0.126576,3164.41
tx-000000015,merchant-02963,otros,0.552936,13823.41
tx-000000016,merchant-00570,alimentos,0.193904,4847.6
tx-000000017,merchant-02371,ferreteria,0.661941,16548.52
tx-000000018,merchant-00828,transporte,0.855607,21390.18
tx-000000019,merchant-02989,farmacia,0.279418,6985.44
tx-000000020,merchant-01717,electronica,0.371441,9286.02
tx-000000021,merchant-00585,otros,0.702417,17560.42
tx-000000022,merchant-04376,ropa,0.635708,15892.71
tx-000000023,merchant-03109,electronica,0.165076,4126.89
tx-000000024,merchant-04563,ropa,0.989544,24738.61
tx-000000025,merchant-00459,ropa,0.685245,17131.13
tx-000000026,merchant-02585,transporte,0.822159,20553.97
tx-000000027,merchant-01729,otros,0.269205,6730.13
tx-000000028,merchant-02578,ropa,0.876615,21915.37
tx-000000029,merchant-03242,restaurante,0.656128,16403.19
tx-000000030,merchant-01144,ropa,0.144586,3614.65
tx-000000031,merchant-04416,electronica,0.745499,18637.48
tx-000000032,merchant-03510,otros,0.74752,18687.99
tx-000000033,merchant-01797,farmacia,0.400602,10015.04
tx-000000034,merchant-00745,alimentos,0.510507,12762.68
tx-000000035,merchant-01253,farmacia,0.861381,21534.52
tx-000000036,merchant-03459,otros,0.792495,19812.38
tx-000000037,merchant-03127,otros,0.065401,1635.02
tx-000000038,merchant-04335,electronica,0.996129,24903.23
tx-000000039,merchant-00095,ferreteria,0.971136,24278.41
tx-000000040,merchant-04399,electronica,0.682347,17058.67
tx-000000041,merchant-02787,ferreteria,0.769062,19226.54
tx-000000042,merchant-01296,restaurante,0.294913,7372.83
tx-000000043,merchant-02158,colmado,0.005239,130.97
tx-000000044,merchant-04159,ferreteria,0.762438,19060.96
tx-000000045,merchant-02445,colmado,0.870778,21769.44
tx-000000046,merchant-01253,servicios,0.609752,15243.81
tx-000000047,merchant-04419,colmado,0.762986,19074.64
tx-000000048,merchant-04907,servicios,0.918656,22966.41
tx-000000049,merchant-00917,servicios,0.489628,12240.71
tx-000000050,merchant-02520,ropa,0.878964,21974.11
tx-000000051,merchant-04648,ferreteria,0.059809,1495.23
tx-000000052,merchant-03982,ferreteria,0.087482,2187.05
tx-000000053,merchant-04364,farmacia,0.978028,24450.71
tx-000000054,merchant-03894,colmado,0.130135,3253.37
tx-000000055,merchant-04323,otros,0.166797,4169.92
tx-000000056,merchant-01736,colmado,0.424292,10607.29
tx-000000057,merchant-01648,electronica,0.755755,18893.87
tx-000000058,merchant-03060,restaurante,0.400194,10004.86
tx-000000059,merchant-03699,ferreteria,0.899815,22495.37
tx-000000060,merchant-00525,servicios,0.24941,6235.25
tx-000000061,merchant-04538,ropa,0.022992,574.8
tx-000000062,merchant-00059,ferreteria,0.589263,14731.58
tx-000000063,merchant-00483,ropa,0.708425,17710.63
tx-000000064,merchant-00258,servicios,0.069266,1731.64
tx-000000065,merchant-01950,electronica,0.072716,1817.89
tx-000000066,merchant-01756,colmado,0.66964,16741.0
tx-000000067,merchant-04678,otros,0.134047,3351.18
tx-000000068,merchant-03875,transporte,0.473726,11843.14
tx-000000069,merchant-00795,transporte,0.192029,4800.73
tx-000000070,merchant-03368,restaurante,0.355589,8889.72
tx-000000071,merchant-00444,ferreteria,0.864109,21602.73
tx-000000072,merchant-02780,ferreteria,0.062492,1562.29
tx-000000073,merchant-01559,colmado,0.250159,6253.98
tx-000000074,merchant-03457,farmacia,0.449716,11242.91
tx-000000075,merchant-02047,ferreteria,0.279988,6999.7
tx-000000076,merchant-04509,ferreteria,0.444244,11106.11
tx-000000077,merchant-04429,alimentos,0.052487,1312.18
tx-000000078,merchant-01937,farmacia,0.969058,24226.46
tx-000000079,merchant-03944,ropa,0.407601,10190.03
tx-000000080,merchant-00481,farmacia,0.864921,21623.03
tx-000000081,merchant-03199,electronica,0.380215,9505.38
tx-000000082,merchant-03728,electronica,0.926665,23166.63
tx-000000083,merchant-04553,restaurante,0.424162,10604.04
tx-000000084,merchant-02431,ropa,0.156487,3912.18
tx-000000085,merchant-04745,colmado,0.968772,24219.3
tx-000000086,merchant-02570,alimentos,0.062836,1570.89
tx-000000087,merchant-03906,colmado,0.052042,1301.05
tx-000000088,merchant-04351,farmacia,0.919548,22988.71
tx-000000089,merchant-04161,ferreteria,0.058766,1469.15
tx-000000090,merchant-00562,otros,0.85164,21291.0
tx-000000091,merchant-01927,transporte,0.069825,1745.62
tx-000000092,merchant-04667,ropa,0.121647,3041.17
tx-000000093,merchant-00326,otros,0.579761,14494.03
tx-000000094,merchant-04782,otros,0.08382,2095.49
tx-000000095,merchant-02137,ropa,0.523737,13093.43
tx-000000096,merchant-02574,ropa,0.670386,16759.66
tx-000000097,merchant-01073,electronica,0.267083,6677.08
tx-000000098,merchant-00595,alimentos,0.45831,11457.75
tx-000000099,merchant-04613,ferreteria,0.459369,11484.22
tx-000000100,merchant-01747,colmado,0.075114,1877.85
tx-000000101,merchant-02860,ferreteria,0.26667,6666.75
tx-000000102,merchant-03028,electronica,0.879512,21987.79
tx-000000103,merchant-04451,electronica,0.159431,3985.78
tx-000000104,merchant-04334,alimentos,0.612454,15311.36
tx-000000105,merchant-04544,electronica,0.668528,16713.19
tx-000000106,merchant-00849,farmacia,0.931892,23297.31
tx-000000107,merchant-00877,colmado,0.265937,6648.42
tx-000000108,merchant-02309,otros,0.157137,3928.43
tx-000000109,merchant-02809,ropa,0.212208,5305.21
tx-000000110,merchant-02163,colmado,0.688122,17203.05
tx-000000111,merchant-00417,ferreteria,0.489555,12238.87
tx-000000112,merchant-02267,alimentos,0.635016,15875.4
tx-000000113,merchant-01072,electronica,0.005538,138.46
tx-000000114,merchant-03620,colmado,0.163259,4081.47
tx-000000115,merchant-04595,alimentos,0.706256,17656.4
tx-000000116,merchant-01222,colmado,0.11365,2841.25
tx-000000117,merchant-03025,otros,0.037956,948.9
tx-000000118,merchant-03521,farmacia,0.55342,13835.5
tx-000000119,merchant-02988,alimentos,0.043745,1093.63
tx-000000120,merchant-01721,ropa,0.899127,22478.17
tx-000000121,merchant-02898,colmado,0.6676,16689.99
tx-000000122,merchant-03330,otros,0.884366,22109.16
tx-000000123,merchant-01940,farmacia,0.749979,18749.47
tx-000000124,merchant-01451,transporte,0.976254,24406.34
tx-000000125,merchant-02722,transporte,0.026737,668.42
tx-000000126,merchant-02033,electronica,0.802631,20065.77
tx-000000127,merchant-00886,transporte,0.16088,4021.99
tx-000000128,merchant-03856,ropa,0.872422,21810.56
tx-000000129,merchant-03771,servicios,0.201174,5029.34
tx-000000130,merchant-01865,ropa,0.30658,7664.51
tx-000000131,merchant-01583,transporte,0.025617,640.43
tx-000000132,merchant-00569,electronica,0.329606,8240.14
tx-000000133,merchant-04174,transporte,0.352444,8811.1
tx-000000134,merchant-04393,servicios,0.680159,17003.98
tx-000000135,merchant-00945,electronica,0.939359,23483.97
tx-000000136,merchant-02175,alimentos,0.180211,4505.27
tx-000000137,merchant-03560,servicios,0.110186,2754.64
tx-000000138,merchant-02570,transporte,0.729088,18227.2
tx-000000139,merchant-04190,ferreteria,0.606996,15174.91
tx-000000140,merchant-04724,ropa,0.386425,9660.63
tx-000000141,merchant-03573,alimentos,0.256213,6405.33
tx-000000142,merchant-04411,ropa,0.52088,13022.01
tx-000000143,merchant-00574,servicios,0.365493,9137.33
tx-000000144,merchant-01021,electronica,0.623909,15597.73
tx-000000145,merchant-03346,servicios,0.508108,12702.71
tx-000000146,merchant-02423,colmado,0.403596,10089.89
tx-000000147,merchant-03445,transporte,0.129033,3225.83
tx-000000148,merchant-01426,otros,0.677963,16949.08
tx-000000149,merchant-03327,colmado,0.569967,14249.18
tx-000000150,merchant-02490,electronica,0.834058,20851.44
tx-000000151,merchant-04752,otros,0.211762,5294.06
tx-000000152,merchant-03810,restaurante,0.655396,16384.91
tx-000000153,merchant-01751,colmado,0.443276,11081.89
tx-000000154,merchant-01391,ferreteria,0.47424,11856.0
tx-000000155,merchant-02746,ferreteria,0.285219,7130.47
tx-000000156,merchant-01925,electronica,0.818787,20469.67
tx-000000157,merchant-01632,farmacia,0.226191,5654.78
tx-000000158,merchant-02006,restaurante,0.026376,659.41
tx-000000159,merchant-00597,restaurante,0.612052,15301.29
tx-000000160,merchant-04716,ropa,0.415612,10390.3
tx-000000161,merchant-03146,restaurante,0.718909,17972.73
tx-000000162,merchant-01209,alimentos,0.400854,10021.34
tx-000000163,merchant-00874,transporte,0.892874,22321.86
tx-000000164,merchant-04244,restaurante,0.220404,5510.09
tx-000000165,merchant-02042,ferreteria,0.052118,1302.95
tx-000000166,merchant-03807,colmado,0.457549,11438.72
tx-000000167,merchant-04878,servicios,0.987917,24697.92
tx-000000168,merchant-03626,otros,0.95014,23753.49
tx-000000169,merchant-04136,transporte,0.815376,20384.41
tx-000000170,merchant-04489,restaurante,0.830908,20772.7
tx-000000171,merchant-03889,restaurante,0.897414,22435.34
tx-000000172,merchant-02026,electronica,0.260673,6516.83
tx-000000173,merchant-04271,restaurante,0.766282,19157.05
tx-000000174,merchant-02250,restaurante,0.627495,15687.37
tx-000000175,merchant-02341,ropa,0.079328,1983.21
tx-000000176,merchant-02620,colmado,0.273172,6829.29
tx-000000177,merchant-01236,ropa,0.082416,2060.41
tx-000000178,merchant-01252,ropa,0.384269,9606.73
tx-000000179,merchant-03340,servicios,0.0661,1652.51
tx-000000180,merchant-03407,alimentos,0.543526,13588.15
tx-000000181,merchant-03442,transporte,0.208421,5210.52
tx-000000182,merchant-04785,alimentos,0.905029,22625.72
tx-000000183,merchant-04717,transporte,0.857018,21425.46
tx-000000184,merchant-02882,electronica,0.478026,11950.64
tx-000000185,merchant-03433,colmado,0.753968,18849.2
tx-000000186,merchant-04474,otros,0.748021,18700.52
tx-000000187,merchant-04000,ropa,0.898016,22450.39
tx-000000188,merchant-03979,alimentos,0.27439,6859.74
tx-000000189,merchant-03313,farmacia,0.39008,9751.99
tx-000000190,merchant-01046,otros,0.840825,21020.62
tx-000000191,merchant-03228,otros,0.535055,13376.38
tx-000000192,merchant-00223,ferreteria,0.565263,14131.58
tx-000000193,merchant-01112,restaurante,0.643464,16086.6
tx-000000194,merchant-02132,transporte,0.183366,4584.14
tx-000000195,merchant-03725,servicios,0.328698,8217.45
tx-000000196,merchant-03106,electronica,0.338826,8470.64
tx-000000197,merchant-03454,electronica,0.752506,18812.65
tx-000000198,merchant-03853,alimentos,0.835241,20881.03
tx-000000199,merchant-00427,servicios,0.749526,18738.16
tx-000000200,merchant-00563,alimentos,0.225774,5644.34
tx-000000201,merchant-02026,ropa,0.754725,18868.12
tx-000000202,merchant-01249,ropa,0.83955,20988.76
tx-000000203,merchant-00938,otros,0.127968,3199.21
tx-000000204,merchant-03810,electronica,0.947862,23696.54
tx-000000205,merchant-01375,otros,0.767364,19184.11
tx-000000206,merchant-00939,farmacia,0.608033,15200.82
tx-000000207,merchant-00886,otros,0.964791,24119.78
tx-000000208,merchant-02556,otros,0.027627,690.68
tx-000000209,merchant-03075,transporte,0.677992,16949.81
tx-000000210,merchant-01625,ferreteria,0.941588,23539.69
tx-000000211,merchant-01990,ferreteria,0.592914,14822.84
tx-000000212,merchant-02471,otros,0.697799,17444.97
tx-000000213,merchant-04637,alimentos,0.805917,20147.92
tx-000000214,merchant-03510,servicios,0.348509,8712.73
tx-000000215,merchant-02796,alimentos,0.070819,1770.47
tx-000000216,merchant-04016,ferreteria,0.849876,21246.91
tx-000000217,merchant-02968,restaurante,0.434656,10866.41
tx-000000218,merchant-03568,farmacia,0.707894,17697.35
tx-000000219,merchant-02213,otros,0.734328,18358.19
tx-000000220,merchant-04409,restaurante,0.808583,20214.57
tx-000000221,merchant-04854,electronica,0.465944,11648.6
tx-000000222,merchant-02012,ferreteria,0.32366,8091.5
tx-000000223,merchant-03693,ropa,0.28037,7009.26
tx-000000224,merchant-04669,otros,0.750975,18774.38
tx-000000225,merchant-02756,alimentos,0.668852,16721.3
tx-000000226,merchant-02663,farmacia,0.495318,12382.95
tx-000000227,merchant-02907,electronica,0.488575,12214.37
tx-000000228,merchant-04884,electronica,0.341658,8541.45
tx-000000229,merchant-04233,ropa,0.55668,13916.99
tx-000000230,merchant-03330,restaurante,0.087442,2186.04
tx-000000231,merchant-01969,restaurante,0.556066,13901.65
tx-000000232,merchant-04021,restaurante,0.646611,16165.28
tx-000000233,merchant-00763,electronica,0.793347,19833.68
tx-000000234,merchant-01994,electronica,0.223153,5578.83
tx-000000235,merchant-03024,restaurante,0.664632,16615.8
tx-000000236,merchant-02817,transporte,0.554366,13859.15
tx-000000237,merchant-04509,servicios,0.996638,24915.96
tx-000000238,merchant-03718,electronica,0.353107,8827.67
tx-000000239,merchant-01889,ferreteria,0.30801,7700.24
tx-000000240,merchant-02585,ferreteria,0.721842,18046.04
tx-000000241,merchant-01517,ropa,0.743395,18584.88
tx-000000242,merchant-03967,electronica,0.217952,5448.8
tx-000000243,merchant-04298,otros,0.725136,18128.4
tx-000000244,merchant-00824,ropa,0.284433,7110.82
tx-000000245,merchant-02957,farmacia,0.297654,7441.35
tx-000000246,merchant-04376,farmacia,0.303663,7591.58
tx-000000247,merchant-00447,colmado,0.275763,6894.07
tx-000000248,merchant-01035,restaurante,0.293552,7338.81
tx-000000249,merchant-00101,otros,0.104382,2609.56
tx-000000250,merchant-03922,restaurante,0.285771,7144.27
tx-000000251,merchant-00421,electronica,0.342024,8550.61
tx-000000252,merchant-03914,ferreteria,0.941182,23529.54
tx-000000253,merchant-03283,restaurante,0.822472,20561.79
tx-000000254,merchant-00440,farmacia,0.075934,1898.35
tx-000000255,merchant-04611,electronica,0.150899,3772.48
tx-000000256,merchant-02034,ferreteria,0.08701,2175.26
tx-000000257,merchant-03410,otros,0.558957,13973.92
tx-000000258,merchant-01849,colmado,0.596934,14923.36
tx-000000259,merchant-03627,electronica,0.381617,9540.43
tx-000000260,merchant-03513,electronica,0.860446,21511.16
tx-000000261,merchant-00494,otros,0.569492,14237.31
tx-000000262,merchant-00813,ropa,0.960188,24004.71
tx-000000263,merchant-02168,ferreteria,0.626264,15656.6
tx-000000264,merchant-01424,colmado,0.158743,3968.57
tx-000000265,merchant-00022,transporte,0.076915,1922.87
tx-000000266,merchant-04865,restaurante,0.451603,11290.07
tx-000000267,merchant-01897,electronica,0.292677,7316.92
tx-000000268,merchant-03720,ferreteria,0.707542,17688.55
tx-000000269,merchant-02168,otros,0.68801,17200.25
tx-000000270,merchant-01621,transporte,0.661861,16546.52
tx-000000271,merchant-01842,farmacia,0.116547,2913.67
tx-000000272,merchant-01166,ferreteria,0.908595,22714.87
tx-000000273,merchant-02520,otros,0.061519,1537.97
tx-000000274,merchant-04663,electronica,0.74946,18736.5
tx-000000275,merchant-03840,electronica,0.440275,11006.88
tx-000000276,merchant-02231,colmado,0.700334,17508.36
tx-000000277,merchant-03587,ferreteria,0.540902,13522.54
tx-000000278,merchant-03540,servicios,0.59884,14971.01
tx-000000279,merchant-00212,ferreteria,0.604506,15112.66
tx-000000280,merchant-04713,otros,0.230466,5761.66
tx-000000281,merchant-02208,otros,0.950885,23772.12
tx-000000282,merchant-01436,restaurante,0.042151,1053.78
tx-000000283,merchant-03623,electronica,0.519926,12998.15
tx-000000284,merchant-04796,transporte,0.183126,4578.15
tx-000000285,merchant-04029,ferreteria,0.635515,15887.88
tx-000000286,merchant-03346,servicios,0.47107,11776.76
tx-000000287,merchant-00857,farmacia,0.322416,8060.4
tx-000000288,merchant-04059,electronica,0.331144,8278.6
tx-000000289,merchant-03281,colmado,0.663258,16581.46
tx-000000290,merchant-00722,servicios,0.038624,965.59
tx-000000291,merchant-00950,transporte,0.253894,6347.35
tx-000000292,merchant-00010,colmado,0.865181,21629.52
tx-000000293,merchant-00445,ropa,0.463052,11576.31
tx-000000294,merchant-04084,restaurante,0.519402,12985.06
tx-000000295,merchant-01668,electronica,0.76047,19011.76
tx-000000296,merchant-02360,restaurante,0.550121,13753.03
tx-000000297,merchant-03971,ferreteria,0.881085,22027.12
tx-000000298,merchant-04988,ropa,0.030812,770.29
tx-000000299,merchant-02546,colmado,0.710363,17759.08
tx-000000300,merchant-03343,ferreteria,0.015647,391.18
tx-000000301,merchant-00930,restaurante,0.226251,5656.28
tx-000000302,merchant-01262,restaurante,0.947167,23679.17
tx-000000303,merchant-02391,colmado,0.932788,23319.69
tx-000000304,merchant-03404,restaurante,0.706001,17650.02
tx-000000305,merchant-01997,restaurante,0.980284,24507.1
tx-000000306,merchant-03143,ropa,0.552162,13804.06
tx-000000307,merchant-04164,farmacia,0.922024,23050.61
tx-000000308,merchant-02264,transporte,0.864299,21607.47
tx-000000309,merchant-04160,electronica,0.341196,8529.89
tx-000000310,merchant-02318,electronica,0.820908,20522.71
tx-000000311,merchant-04751,restaurante,0.837801,20945.02
tx-000000312,merchant-03659,colmado,0.86553,21638.25
tx-000000313,merchant-02724,colmado,0.485373,12134.32
tx-000000314,merchant-03091,restaurante,0.763347,19083.67
tx-000000315,merchant-01546,ropa,0.932986,23324.66
tx-000000316,merchant-01914,transporte,0.572654,14316.35
tx-000000317,merchant-03875,transporte,0.04556,1139.0
tx-000000318,merchant-01247,restaurante,0.387306,9682.66
tx-000000319,merchant-01035,colmado,0.964895,24122.37
tx-000000320,merchant-02720,ferreteria,0.965423,24135.57
tx-000000321,merchant-03607,ferreteria,0.874442,21861.05
tx-000000322,merchant-03744,alimentos,0.526899,13172.48
tx-000000323,merchant-03359,farmacia,0.722999,18074.97
tx-000000324,merchant-02172,servicios,0.076678,1916.96
tx-000000325,merchant-03257,ferreteria,0.624013,15600.32
tx-000000326,merchant-04372,transporte,0.852062,21301.54
tx-000000327,merchant-03998,colmado,0.954231,23855.78
tx-000000328,merchant-00561,ropa,0.037827,945.68
tx-000000329,merchant-02355,ropa,0.631899,15797.47
tx-000000330,merchant-03556,ferreteria,0.747273,18681.82
tx-000000331,merchant-00824,restaurante,0.760849,19021.22
tx-000000332,merchant-02454,alimentos,0.168032,4200.8
tx-000000333,merchant-00460,electronica,0.047899,1197.47
tx-000000334,merchant-03529,farmacia,0.359746,8993.66
tx-000000335,merchant-03376,otros,0.245709,6142.73
tx-000000336,merchant-01476,farmacia,0.682437,17060.92
tx-000000337,merchant-04993,transporte,0.176719,4417.98
tx-000000338,merchant-01973,restaurante,0.620471,15511.77
tx-000000339,merchant-01173,ropa,0.913003,22825.08
tx-000000340,merchant-02081,restaurante,0.462228,11555.69
tx-000000341,merchant-00077,restaurante,0.256816,6420.4
tx-000000342,merchant-04478,farmacia,0.901407,22535.18
tx-000000343,merchant-02831,otros,0.075714,1892.85
tx-000000344,merchant-03476,electronica,0.300556,7513.9
tx-000000345,merchant-02475,ropa,0.457922,11448.05
tx-000000346,merchant-03959,ferreteria,0.999375,24984.37
tx-000000347,merchant-04686,servicios,0.238731,5968.28
tx-000000348,merchant-02419,alimentos,0.575662,14391.56
tx-000000349,merchant-03243,electronica,0.977988,24449.71
tx-000000350,merchant-00402,otros,0.010082,252.04
tx-000000351,merchant-02345,ropa,0.745682,18642.05
tx-000000352,merchant-02887,ropa,0.607851,15196.27
tx-000000353,merchant-02054,farmacia,0.637345,15933.62
tx-000000354,merchant-00323,electronica,0.628992,15724.79
tx-000000355,merchant-00274,otros,0.789033,19725.83
tx-000000356,merchant-01077,ferreteria,0.366132,9153.29
tx-000000357,merchant-02677,transporte,0.909808,22745.21
tx-000000358,merchant-01083,colmado,0.177289,4432.22
tx-000000359,merchant-02998,colmado,0.876708,21917.69
tx-000000360,merchant-02233,farmacia,0.502791,12569.78
tx-000000361,merchant-03948,electronica,0.258456,6461.4
tx-000000362,merchant-02775,ferreteria,0.747066,18676.66
tx-000000363,merchant-00617,farmacia,0.469395,11734.87
tx-000000364,merchant-01849,transporte,0.754643,18866.08
tx-000000365,merchant-04566,servicios,0.967335,24183.38
tx-000000366,merchant-03233,alimentos,0.092122,2303.06
tx-000000367,merchant-01013,restaurante,0.26593,6648.24
tx-000000368,merchant-02148,otros,0.369848,9246.21
tx-000000369,merchant-03044,ferreteria,0.382264,9556.59
tx-000000370,merchant-03863,alimentos,0.675487,16887.17
tx-000000371,merchant-04600,servicios,0.620308,15507.69
tx-000000372,merchant-01814,ferreteria,0.915425,22885.63
tx-000000373,merchant-03804,electronica,0.636133,15903.33
tx-000000374,merchant-00956,farmacia,0.649941,16248.52
tx-000000375,merchant-00305,electronica,0.047256,1181.4
tx-000000376,merchant-00952,ferreteria,0.995936,24898.39
tx-000000377,merchant-04404,farmacia,0.23633,5908.26
tx-000000378,merchant-03040,colmado,0.389868,9746.71
tx-000000379,merchant-01266,transporte,0.420288,10507.21
tx-000000380,merchant-04009,otros,0.655612,16390.3
tx-000000381,merchant-02292,alimentos,0.4093,10232.49
tx-000000382,merchant-01780,restaurante,0.6909,17272.5
tx-000000383,merchant-01935,servicios,0.445806,11145.16
tx-000000384,merchant-03010,colmado,0.101156,2528.9
tx-000000385,merchant-02939,alimentos,0.901893,22547.32
tx-000000386,merchant-01555,ferreteria,0.399343,9983.58
tx-000000387,merchant-03726,ferreteria,0.949113,23727.82
tx-000000388,merchant-04892,alimentos,0.663443,16586.08
tx-000000389,merchant-02733,ropa,0.052477,1311.93
tx-000000390,merchant-04626,ropa,0.988843,24721.08
tx-000000391,merchant-04541,ropa,0.070473,1761.82
tx-000000392,merchant-01909,servicios,0.58721,14680.26
tx-000000393,merchant-04883,alimentos,0.77482,19370.5
tx-000000394,merchant-01186,farmacia,0.27872,6968.01
tx-000000395,merchant-01430,ferreteria,0.541135,13528.38
tx-000000396,merchant-00212,farmacia,0.661736,16543.39
tx-000000397,merchant-01950,otros,0.016831,420.77
tx-000000398,merchant-01428,electronica,0.325124,8128.1
tx-000000399,merchant-03449,colmado,0.054294,1357.36
tx-000000400,merchant-00521,restaurante,0.115422,2885.55
tx-000000401,merchant-02966,colmado,0.449379,11234.47
tx-000000402,merchant-03703,colmado,0.594479,14861.97
tx-000000403,merchant-00356,colmado,0.223107,5577.67
tx-000000404,merchant-00256,alimentos,0.303027,7575.68
tx-000000405,merchant-03291,transporte,0.99859,24964.74
tx-000000406,merchant-04017,restaurante,0.686725,17168.13
tx-000000407,merchant-00662,servicios,0.075344,1883.59
tx-000000408,merchant-00539,farmacia,0.609081,15227.02
tx-000000409,merchant-04796,colmado,0.276466,6911.65
tx-000000410,merchant-03121,otros,0.712728,17818.21
tx-000000411,merchant-03717,colmado,0.531496,13287.39
tx-000000412,merchant-00813,ferreteria,0.606216,15155.4
tx-000000413,merchant-04517,ropa,0.853087,21327.18
tx-000000414,merchant-01872,transporte,0.43121,10780.25
tx-000000415,merchant-03716,transporte,0.340254,8506.34
tx-000000416,merchant-00779,servicios,0.417158,10428.94
tx-000000417,merchant-02089,servicios,0.42791,10697.76
tx-000000418,merchant-03886,ferreteria,0.953685,23842.13
tx-000000419,merchant-00700,ferreteria,0.093042,2326.06
tx-000000420,merchant-03053,farmacia,0.433013,10825.32
tx-000000421,merchant-04805,colmado,0.557258,13931.45
tx-000000422,merchant-01002,transporte,0.56256,14064.0
tx-000000423,merchant-03465,alimentos,0.354891,8872.27
tx-000000424,merchant-04919,electronica,0.968462,24211.55
tx-000000425,merchant-04735,colmado,0.352943,8823.57
tx-000000426,merchant-03951,ropa,0.214313,5357.83
tx-000000427,merchant-02869,colmado,0.84758,21189.51
tx-000000428,merchant-02283,otros,0.368826,9220.65
tx-000000429,merchant-03516,colmado,0.227707,5692.67
tx-000000430,merchant-04561,alimentos,0.974598,24364.94
tx-000000431,merchant-02191,alimentos,0.609777,15244.42
tx-000000432,merchant-02532,servicios,0.182055,4551.38
tx-000000433,merchant-01487,farmacia,0.352321,8808.03
tx-000000434,merchant-03284,ferreteria,0.567188,14179.71
tx-000000435,merchant-00252,ferreteria,0.143591,3589.77
tx-000000436,merchant-01763,transporte,0.74662,18665.49
tx-000000437,merchant-02793,farmacia,0.420993,10524.82
tx-000000438,merchant-02658,otros,0.371313,9282.82
tx-000000439,merchant-00431,farmacia,0.597031,14925.78
tx-000000440,merchant-00408,ferreteria,0.159095,3977.38
tx-000000441,merchant-03474,restaurante,0.273559,6838.97
tx-000000442,merchant-03393,electronica,0.607862,15196.55
tx-000000443,merchant-04198,ferreteria,0.217138,5428.45
tx-000000444,merchant-00909,electronica,0.346482,8662.06
tx-000000445,merchant-04859,restaurante,0.678862,16971.54
tx-000000446,merchant-02527,alimentos,0.52788,13197.01
tx-000000447,merchant-04910,alimentos,0.222077,5551.93
tx-000000448,merchant-02470,ropa,0.009672,241.79
tx-000000449,merchant-02094,electronica,0.767815,19195.37
tx-000000450,merchant-00064,restaurante,0.329466,8236.65
tx-000000451,merchant-01440,farmacia,0.74752,18688.0
tx-000000452,merchant-01886,colmado,0.381447,9536.18
tx-000000453,merchant-02902,ferreteria,0.559606,13990.15
tx-000000454,merchant-00347,transporte,0.398277,9956.93
tx-000000455,merchant-00638,servicios,0.020704,517.6
tx-000000456,merchant-04698,transporte,0.576608,14415.19
tx-000000457,merchant-03422,electronica,0.71008,17752.0
tx-000000458,merchant-00171,servicios,0.116943,2923.58
tx-000000459,merchant-03770,servicios,0.17353,4338.24
tx-000000460,merchant-00868,ropa,0.089954,2248.84
tx-000000461,merchant-03281,colmado,0.436805,10920.13
tx-000000462,merchant-02542,servicios,0.08049,2012.24
tx-000000463,merchant-01378,ferreteria,0.223129,5578.22
tx-000000464,merchant-00935,colmado,0.511462,12786.56
tx-000000465,merchant-02863,servicios,0.510932,12773.3
tx-000000466,merchant-01210,ropa,0.727924,18198.11
tx-000000467,merchant-02097,ropa,0.104599,2614.97
tx-000000468,merchant-01253,ferreteria,0.175152,4378.8
tx-000000469,merchant-04048,restaurante,0.178792,4469.8
tx-000000470,merchant-04748,restaurante,0.754937,18873.42
tx-000000471,merchant-04625,otros,0.681771,17044.28
tx-000000472,merchant-02590,farmacia,0.324562,8114.05
tx-000000473,merchant-03842,restaurante,0.440883,11022.08
tx-000000474,merchant-02251,otros,0.632122,15803.06
tx-000000475,merchant-04157,ferreteria,0.05806,1451.49
tx-000000476,merchant-03703,alimentos,0.311787,7794.68
tx-000000477,merchant-02352,ferreteria,0.058776,1469.41
tx-000000478,merchant-00740,otros,0.645377,16134.43
tx-000000479,merchant-03150,restaurante,0.594892,14872.29
tx-000000480,merchant-00337,restaurante,0.581169,14529.22
tx-000000481,merchant-04684,ropa,0.909232,22730.8
tx-000000482,merchant-03897,colmado,0.322884,8072.09
tx-000000483,merchant-00507,restaurante,0.152559,3813.98
tx-000000484,merchant-02814,ferreteria,0.105295,2632.37
tx-000000485,merchant-01414,alimentos,0.50554,12638.5
tx-000000486,merchant-03587,restaurante,0.249248,6231.21
tx-000000487,merchant-04996,farmacia,0.52502,13125.51
tx-000000488,merchant-02318,transporte,0.36517,9129.25
tx-000000489,merchant-02772,otros,0.409952,10248.8
tx-000000490,merchant-02742,ferreteria,0.054261,1356.52
tx-000000491,merchant-04571,transporte,0.331031,8275.78
tx-000000492,merchant-04938,farmacia,0.285579,7139.47
tx-000000493,merchant-04774,farmacia,0.334695,8367.38
tx-000000494,merchant-02542,transporte,0.916913,22922.82
tx-000000495,merchant-00695,electronica,0.130694,3267.34
tx-000000496,merchant-02691,farmacia,0.559804,13995.11
tx-000000497,merchant-04313,ferreteria,0.670776,16769.4
tx-000000498,merchant-03469,colmado,0.646733,16168.32
tx-000000499,merchant-02971,electronica,0.363104,9077.61
tx-000000500,merchant-01755,servicios,0.181902,4547.56
tx-000000501,merchant-03984,ropa,0.947773,23694.32
tx-000000502,merchant-01127,farmacia,0.22809,5702.25
tx-000000503,merchant-00829,colmado,0.079011,1975.27
tx-000000504,merchant-04314,alimentos,0.771333,19283.32
tx-000000505,merchant-01074,otros,0.662605,16565.13
tx-000000506,merchant-01330,farmacia,0.377966,9449.16
tx-000000507,merchant-01357,restaurante,0.831682,20792.06
tx-000000508,merchant-02985,ropa,0.045605,1140.13
tx-000000509,merchant-02335,restaurante,0.96965,24241.24
tx-000000510,merchant-01960,electronica,0.235535,5888.37
tx-000000511,merchant-03843,ropa,0.965666,24141.64
tx-000000512,merchant-04673,restaurante,0.369105,9227.63
tx-000000513,merchant-02309,transporte,0.462757,11568.92
tx-000000514,merchant-03430,farmacia,0.503901,12597.52
tx-000000515,merchant-04954,farmacia,0.817258,20431.44
tx-000000516,merchant-00428,restaurante,0.873256,21831.4
tx-000000517,merchant-04543,ferreteria,0.874369,21859.22
tx-000000518,merchant-04227,ferreteria,0.711978,17799.45
tx-000000519,merchant-01314,electronica,0.286493,7162.32
tx-000000520,merchant-04206,farmacia,0.45042,11260.51
tx-000000521,merchant-00752,ropa,0.831385,20784.62
tx-000000522,merchant-02864,alimentos,0.81707,20426.75
tx-000000523,merchant-03248,colmado,0.416067,10401.68
tx-000000524,merchant-03164,ferreteria,0.375214,9380.34
tx-000000525,merchant-00231,servicios,0.376163,9404.07
tx-000000526,merchant-02747,farmacia,0.930964,23274.11
tx-000000527,merchant-02351,restaurante,0.139324,3483.11
tx-000000528,merchant-01137,restaurante,0.69668,17417.0
tx-000000529,merchant-00044,ferreteria,0.449704,11242.61
tx-000000530,merchant-01767,farmacia,0.020966,524.15
tx-000000531,merchant-04988,colmado,0.549707,13742.67
tx-000000532,merchant-02361,ropa,0.424408,10610.21
tx-000000533,merchant-00392,ropa,0.302549,7563.72
tx-000000534,merchant-03745,ferreteria,0.420986,10524.65
tx-000000535,merchant-04095,otros,0.112636,2815.9
tx-000000536,merchant-04222,otros,0.536982,13424.54
tx-000000537,merchant-01177,electronica,0.243454,6086.36
tx-000000538,merchant-02891,ropa,0.43038,10759.51
tx-000000539,merchant-01535,ferreteria,0.571522,14288.06
tx-000000540,merchant-02955,ferreteria,0.524438,13110.94
tx-000000541,merchant-04458,colmado,0.953497,23837.42
tx-000000542,merchant-04159,colmado,0.78684,19670.99
tx-000000543,merchant-03852,alimentos,0.022294,557.34
tx-000000544,merchant-03059,electronica,0.6364,15909.99
tx-000000545,merchant-02926,ferreteria,0.747822,18695.55
tx-000000546,merchant-00850,otros,0.346113,8652.82
tx-000000547,merchant-02724,farmacia,0.735717,18392.92
tx-000000548,merchant-04473,servicios,0.046247,1156.18
tx-000000549,merchant-01435,restaurante,0.813882,20347.05
tx-000000550,merchant-03921,farmacia,0.980858,24521.44
tx-000000551,merchant-00517,restaurante,0.811875,20296.87
tx-000000552,merchant-01652,alimentos,0.03891,972.75
tx-000000553,merchant-00344,servicios,0.791527,19788.17
tx-000000554,merchant-04223,transporte,0.933504,23337.61
tx-000000555,merchant-04449,restaurante,0.989144,24728.61
tx-000000556,merchant-01566,electronica,0.254807,6370.18
tx-000000557,merchant-00392,servicios,0.35826,8956.51
tx-000000558,merchant-03015,transporte,0.27467,6866.75
tx-000000559,merchant-03603,transporte,0.889708,22242.69
tx-000000560,merchant-01531,restaurante,0.340358,8508.96
tx-000000561,merchant-03010,colmado,0.692684,17317.11
tx-000000562,merchant-00677,transporte,0.268187,6704.68
tx-000000563,merchant-04936,farmacia,0.080769,2019.23
tx-000000564,merchant-02632,ferreteria,0.546384,13659.59
tx-000000565,merchant-02422,electronica,0.081909,2047.72
tx-000000566,merchant-03491,farmacia,0.447024,11175.6
tx-000000567,merchant-02880,restaurante,0.690385,17259.63
tx-000000568,merchant-02889,otros,0.04427,1106.76
tx-000000569,merchant-02250,alimentos,0.998154,24953.86
tx-000000570,merchant-03328,servicios,0.076891,1922.28
tx-000000571,merchant-01311,alimentos,0.51406,12851.5
tx-000000572,merchant-04978,restaurante,0.144494,3612.35
tx-000000573,merchant-00551,ropa,0.036729,918.23
tx-000000574,merchant-03001,servicios,0.778958,19473.96
tx-000000575,merchant-04647,alimentos,0.384089,9602.22
tx-000000576,merchant-03686,servicios,0.605885,15147.12
tx-000000577,merchant-00630,otros,0.373269,9331.73
tx-000000578,merchant-03007,transporte,0.13942,3485.49
tx-000000579,merchant-02284,ropa,0.315757,7893.92
tx-000000580,merchant-00213,farmacia,0.960599,24014.98
tx-000000581,merchant-03171,colmado,0.500046,12501.15
tx-000000582,merchant-02133,restaurante,0.119526,2988.14
tx-000000583,merchant-02340,restaurante,0.216141,5403.53
tx-000000584,merchant-01112,ferreteria,0.201778,5044.45
tx-000000585,merchant-03647,ferreteria,0.453138,11328.46
tx-000000586,merchant-02619,servicios,0.810892,20272.3
tx-000000587,merchant-04506,colmado,0.710122,17753.04
tx-000000588,merchant-02458,farmacia,0.291782,7294.54
tx-000000589,merchant-01427,servicios,0.712386,17809.64
tx-000000590,merchant-00995,ropa,0.509738,12743.46
tx-000000591,merchant-01940,restaurante,0.792482,19812.04
tx-000000592,merchant-04539,otros,0.028232,705.79
tx-000000593,merchant-04520,farmacia,0.370173,9254.33
tx-000000594,merchant-00707,ferreteria,0.612724,15318.11
tx-000000595,merchant-03922,colmado,0.310672,7766.8
tx-000000596,merchant-03355,otros,0.411974,10299.34
tx-000000597,merchant-02598,ferreteria,0.075603,1890.08
tx-000000598,merchant-04239,servicios,0.451074,11276.86
tx-000000599,merchant-04517,otros,0.130078,3251.95
tx-000000600,merchant-01058,transporte,0.183599,4589.98
tx-000000601,merchant-00454,ferreteria,0.503858,12596.45
tx-000000602,merchant-02492,farmacia,0.519066,12976.65
tx-000000603,merchant-01848,servicios,0.163643,4091.08
tx-000000604,merchant-04251,electronica,0.947588,23689.7
tx-000000605,merchant-02053,ropa,0.846242,21156.05
tx-000000606,merchant-04513,electronica,0.635787,15894.67
tx-000000607,merchant-02481,otros,0.12692,3173.0
tx-000000608,merchant-04118,farmacia,0.534411,13360.28
tx-000000609,merchant-04757,farmacia,0.592625,14815.62
tx-000000610,merchant-04958,servicios,0.172858,4321.46
tx-000000611,merchant-04618,alimentos,0.842845,21071.12
tx-000000612,merchant-00233,ferreteria,0.825586,20639.64
tx-000000613,merchant-04725,electronica,0.047371,1184.27
tx-000000614,merchant-04687,transporte,0.651828,16295.69
tx-000000615,merchant-00249,restaurante,0.618872,15471.81
tx-000000616,merchant-04470,electronica,0.889219,22230.47
tx-000000617,merchant-02475,restaurante,0.642624,16065.59
tx-000000618,merchant-03327,electronica,0.246388,6159.7
tx-000000619,merchant-00491,farmacia,0.454637,11365.93
tx-000000620,merchant-03967,restaurante,0.440726,11018.16
tx-000000621,merchant-04970,farmacia,0.205615,5140.37
tx-000000622,merchant-02616,servicios,0.313957,7848.93
tx-000000623,merchant-01072,servicios,0.975423,24385.58
tx-000000624,merchant-00870,servicios,0.51595,12898.75
tx-000000625,merchant-01004,electronica,0.243254,6081.36
tx-000000626,merchant-01155,ferreteria,0.450697,11267.42
tx-000000627,merchant-03147,otros,0.052504,1312.6
tx-000000628,merchant-01309,servicios,0.419298,10482.46
tx-000000629,merchant-02562,ropa,0.933884,23347.1
tx-000000630,merchant-04082,colmado,0.763595,19089.88
tx-000000631,merchant-02528,restaurante,0.467882,11697.04
tx-000000632,merchant-03222,colmado,0.02513,628.25
tx-000000633,merchant-01973,ropa,0.458316,11457.9
tx-000000634,merchant-00399,alimentos,0.584178,14604.44
tx-000000635,merchant-04895,restaurante,0.282794,7069.84
tx-000000636,merchant-00067,ferreteria,0.287177,7179.42
tx-000000637,merchant-02167,servicios,0.432066,10801.65
tx-000000638,merchant-02998,alimentos,0.764329,19108.23
tx-000000639,merchant-04672,colmado,0.40178,10044.51
tx-000000640,merchant-04533,electronica,0.196266,4906.65
tx-000000641,merchant-04131,restaurante,0.075385,1884.62
tx-000000642,merchant-02292,otros,0.764875,19121.88
tx-000000643,merchant-00974,farmacia,0.681038,17025.95
tx-000000644,merchant-03227,servicios,0.975133,24378.32
tx-000000645,merchant-02778,colmado,0.795308,19882.69
tx-000000646,merchant-01182,ropa,0.939071,23476.77
tx-000000647,merchant-03289,colmado,0.603258,15081.45
tx-000000648,merchant-00319,farmacia,0.042174,1054.36
tx-000000649,merchant-03881,colmado,0.714165,17854.12
tx-000000650,merchant-04967,colmado,0.458074,11451.86
tx-000000651,merchant-02610,farmacia,0.141502,3537.54
tx-000000652,merchant-02452,otros,0.394169,9854.22
tx-000000653,merchant-04176,colmado,0.337701,8442.52
tx-000000654,merchant-04612,electronica,0.490867,12271.67
tx-000000655,merchant-00137,servicios,0.475943,11898.57
tx-000000656,merchant-00898,transporte,0.332577,8314.43
tx-000000657,merchant-00219,otros,0.584535,14613.37
tx-000000658,merchant-04739,otros,0.475641,11891.03
tx-000000659,merchant-00421,otros,0.229088,5727.2
tx-000000660,merchant-04295,otros,0.481488,12037.2
tx-000000661,merchant-03115,farmacia,0.775057,19376.42
tx-000000662,merchant-01985,alimentos,0.822018,20550.45
tx-000000663,merchant-00901,ropa,0.573425,14335.63
tx-000000664,merchant-02570,transporte,0.0209,522.49
tx-000000665,merchant-01671,transporte,0.153128,3828.21
tx-000000666,merchant-03864,alimentos,0.502816,12570.4
tx-000000667,merchant-04250,ropa,0.706364,17659.09
tx-000000668,merchant-03919,colmado,0.561765,14044.12
tx-000000669,merchant-01419,restaurante,0.378071,9451.78
tx-000000670,merchant-02805,colmado,0.9123,22807.5
tx-000000671,merchant-02166,otros,0.355578,8889.46
tx-000000672,merchant-02020,electronica,0.485212,12130.29
tx-000000673,merchant-01843,electronica,0.55897,13974.26
tx-000000674,merchant-01699,restaurante,0.771632,19290.8
tx-000000675,merchant-02858,colmado,0.318407,7960.17
tx-000000676,merchant-02241,electronica,0.933833,23345.82
tx-000000677,merchant-04450,transporte,0.12363,3090.76
tx-000000678,merchant-03233,servicios,0.895969,22399.22
tx-000000679,merchant-01200,electronica,0.9547,23867.49
tx-000000680,merchant-00648,servicios,0.043982,1099.56
tx-000000681,merchant-02101,restaurante,0.924162,23104.04
tx-000000682,merchant-04413,electronica,0.215559,5388.97
tx-000000683,merchant-02226,farmacia,0.933158,23328.95
tx-000000684,merchant-04808,ropa,0.111008,2775.2
tx-000000685,merchant-04351,ropa,0.243973,6099.33
tx-000000686,merchant-00431,ferreteria,0.638669,15966.72
tx-000000687,merchant-03870,ferreteria,0.414475,10361.87
tx-000000688,merchant-01127,alimentos,0.68183,17045.74
tx-000000689,merchant-01294,transporte,0.96459,24114.74
tx-000000690,merchant-03897,restaurante,0.653587,16339.68
tx-000000691,merchant-02354,servicios,0.651238,16280.94
tx-000000692,merchant-00485,ferreteria,0.286844,7171.11
tx-000000693,merchant-01903,colmado,0.652994,16324.85
tx-000000694,merchant-00306,farmacia,0.739209,18480.23
tx-000000695,merchant-01441,alimentos,0.419049,10476.23
tx-000000696,merchant-03253,restaurante,0.997178,24929.44
tx-000000697,merchant-02372,alimentos,0.187939,4698.48
tx-000000698,merchant-04653,otros,0.011249,281.22
tx-000000699,merchant-02745,electronica,0.109086,2727.15
tx-000000700,merchant-04451,colmado,0.45544,11386.01
tx-000000701,merchant-01100,colmado,0.494924,12373.11
tx-000000702,merchant-01580,ferreteria,0.469085,11727.12
tx-000000703,merchant-03760,electronica,0.332023,8300.57
tx-000000704,merchant-00116,servicios,0.719161,17979.02
tx-000000705,merchant-04652,ropa,0.791186,19779.65
tx-000000706,merchant-03322,transporte,0.177144,4428.6
tx-000000707,merchant-00711,transporte,0.51625,12906.25
tx-000000708,merchant-01514,farmacia,0.669917,16747.93
tx-000000709,merchant-02033,alimentos,0.478499,11962.48
tx-000000710,merchant-01930,restaurante,0.262264,6556.59
tx-000000711,merchant-02701,electronica,0.754249,18856.23
tx-000000712,merchant-04694,alimentos,0.583296,14582.4
tx-000000713,merchant-02946,ropa,0.26303,6575.75
tx-000000714,merchant-00969,restaurante,0.064,1600.0
tx-000000715,merchant-03322,colmado,0.308193,7704.82
tx-000000716,merchant-02548,ferreteria,0.92326,23081.5
tx-000000717,merchant-02417,servicios,0.639434,15985.85
tx-000000718,merchant-01796,farmacia,0.615396,15384.9
tx-000000719,merchant-03728,otros,0.479226,11980.64
tx-000000720,merchant-04500,restaurante,0.374878,9371.94
tx-000000721,merchant-01790,ropa,0.757836,18945.9
tx-000000722,merchant-04881,ferreteria,0.680981,17024.53
tx-000000723,merchant-04327,servicios,0.526456,13161.39
tx-000000724,merchant-04622,ferreteria,0.079946,1998.66
tx-000000725,merchant-04487,colmado,0.063634,1590.86
tx-000000726,merchant-04397,farmacia,0.203752,5093.81
tx-000000727,merchant-04263,restaurante,0.166208,4155.2
tx-000000728,merchant-01683,otros,0.118008,2950.19
tx-000000729,merchant-04181,restaurante,0.48985,12246.26
tx-000000730,merchant-03715,farmacia,0.809075,20226.87
tx-000000731,merchant-03743,otros,0.514221,12855.53
tx-000000732,merchant-03788,electronica,0.059621,1490.53
tx-000000733,merchant-03244,electronica,0.723834,18095.84
tx-000000734,merchant-01786,otros,0.81682,20420.51
tx-000000735,merchant-03471,servicios,0.074884,1872.09
tx-000000736,merchant-04434,alimentos,0.700984,17524.6
tx-000000737,merchant-00566,restaurante,0.934714,23367.84
tx-000000738,merchant-03350,farmacia,0.033672,841.79
tx-000000739,merchant-03444,servicios,0.769434,19235.85
tx-000000740,merchant-03134,restaurante,0.992871,24821.77
tx-000000741,merchant-03093,transporte,0.869881,21747.03
tx-000000742,merchant-04418,farmacia,0.08209,2052.24
tx-000000743,merchant-02849,ferreteria,0.654227,16355.68
tx-000000744,merchant-04402,transporte,0.180117,4502.92
tx-000000745,merchant-01825,alimentos,0.529785,13244.62
tx-000000746,merchant-02445,restaurante,0.756667,18916.68
tx-000000747,merchant-04461,transporte,0.674153,16853.82
tx-000000748,merchant-01882,ropa,0.53287,13321.74
tx-000000749,merchant-01271,electronica,0.461704,11542.6
tx-000000750,merchant-00925,alimentos,0.190104,4752.59
tx-000000751,merchant-03435,otros,0.809859,20246.48
tx-000000752,merchant-00129,ropa,0.766521,19163.03
tx-000000753,merchant-00827,otros,0.20767,5191.74
tx-000000754,merchant-04898,alimentos,0.035509,887.73
tx-000000755,merchant-00363,transporte,0.246245,6156.12
tx-000000756,merchant-04422,ropa,0.440085,11002.12
tx-000000757,merchant-00463,farmacia,0.754877,18871.92
tx-000000758,merchant-02370,ropa,0.504888,12622.2
tx-000000759,merchant-04720,servicios,0.816155,20403.87
tx-000000760,merchant-02627,ropa,0.57832,14458.0
tx-000000761,merchant-01174,colmado,0.303161,7579.02
tx-000000762,merchant-02462,electronica,0.222601,5565.02
tx-000000763,merchant-04847,farmacia,0.062836,1570.89
tx-000000764,merchant-03500,colmado,0.626741,15668.53
tx-000000765,merchant-02822,transporte,0.49663,12415.74
tx-000000766,merchant-02612,transporte,0.786233,19655.82
tx-000000767,merchant-02457,transporte,0.409443,10236.07
tx-000000768,merchant-04407,restaurante,0.185511,4637.78
tx-000000769,merchant-01847,electronica,0.242486,6062.16
tx-000000770,merchant-01183,restaurante,0.857826,21445.65
tx-000000771,merchant-04608,transporte,0.914912,22872.79
tx-000000772,merchant-04566,colmado,0.967851,24196.27
tx-000000773,merchant-01990,electronica,0.135824,3395.61
tx-000000774,merchant-00648,restaurante,0.20493,5123.25
tx-000000775,merchant-00758,colmado,0.847439,21185.98
tx-000000776,merchant-01561,alimentos,0.725136,18128.39
tx-000000777,merchant-04956,otros,0.269925,6748.12
tx-000000778,merchant-00597,ropa,0.041468,1036.71
tx-000000779,merchant-04814,colmado,0.805041,20126.03
tx-000000780,merchant-01712,servicios,0.218582,5464.56
tx-000000781,merchant-00126,ropa,0.304582,7614.54
tx-000000782,merchant-00962,restaurante,0.937286,23432.14
tx-000000783,merchant-04952,ropa,0.914612,22865.31
tx-000000784,merchant-01961,colmado,0.397839,9945.97
tx-000000785,merchant-02319,transporte,0.322972,8074.29
tx-000000786,merchant-02944,electronica,0.467318,11682.95
tx-000000787,merchant-04201,restaurante,0.263038,6575.96
tx-000000788,merchant-03847,servicios,0.467072,11676.8
tx-000000789,merchant-03037,servicios,0.914502,22862.55
tx-000000790,merchant-04609,ropa,0.415102,10377.56
tx-000000791,merchant-00133,electronica,0.74177,18544.25
tx-000000792,merchant-04785,otros,0.554205,13855.12
tx-000000793,merchant-02419,farmacia,0.720572,18014.3
tx-000000794,merchant-01885,transporte,0.197799,4944.98
tx-000000795,merchant-02014,restaurante,0.57065,14266.25
tx-000000796,merchant-02766,electronica,0.551541,13788.53
tx-000000797,merchant-04003,restaurante,0.763834,19095.85
tx-000000798,merchant-02886,farmacia,0.461907,11547.68
tx-000000799,merchant-04478,restaurante,0.141679,3541.97
tx-000000800,merchant-04442,alimentos,0.18568,4641.99
tx-000000801,merchant-00609,alimentos,0.524896,13122.41
tx-000000802,merchant-03379,farmacia,0.76481,19120.25
tx-000000803,merchant-01896,ferreteria,0.84286,21071.49
tx-000000804,merchant-00075,ropa,0.707755,17693.88
tx-000000805,merchant-03058,alimentos,0.506722,12668.04
tx-000000806,merchant-03959,restaurante,0.6186,15464.99
tx-000000807,merchant-04360,colmado,0.0177,442.51
tx-000000808,merchant-00138,colmado,0.412516,10312.9
tx-000000809,merchant-04389,electronica,0.722748,18068.71
tx-000000810,merchant-03528,farmacia,0.019108,477.71
tx-000000811,merchant-00790,colmado,0.108802,2720.06
tx-000000812,merchant-01573,otros,0.1506,3764.99
tx-000000813,merchant-02904,electronica,0.527403,13185.08
tx-000000814,merchant-00648,servicios,0.795346,19883.66
tx-000000815,merchant-03761,otros,0.959379,23984.48
tx-000000816,merchant-01851,electronica,0.244722,6118.04
tx-000000817,merchant-00661,alimentos,0.684674,17116.84
tx-000000818,merchant-03107,transporte,0.095314,2382.84
tx-000000819,merchant-00460,alimentos,0.553596,13839.9
tx-000000820,merchant-00678,restaurante,0.70344,17585.99
tx-000000821,merchant-02714,otros,0.845639,21140.98
tx-000000822,merchant-00782,colmado,0.977374,24434.36
tx-000000823,merchant-01883,ropa,0.919314,22982.85
tx-000000824,merchant-04644,restaurante,0.90147,22536.76
tx-000000825,merchant-00610,electronica,0.272553,6813.82
tx-000000826,merchant-04617,alimentos,0.899513,22487.83
tx-000000827,merchant-02577,alimentos,0.180996,4524.89
tx-000000828,merchant-04809,farmacia,0.961546,24038.66
tx-000000829,merchant-03263,ferreteria,0.75275,18818.75
tx-000000830,merchant-04620,ropa,0.300678,7516.96
tx-000000831,merchant-03188,colmado,0.567562,14189.06
tx-000000832,merchant-01147,ferreteria,0.333066,8326.66
tx-000000833,merchant-02834,alimentos,0.501791,12544.78
tx-000000834,merchant-01902,ferreteria,0.09949,2487.26
tx-000000835,merchant-04880,transporte,0.341912,8547.79
tx-000000836,merchant-02674,alimentos,0.968983,24224.57
tx-000000837,merchant-03691,restaurante,0.634855,15871.37
tx-000000838,merchant-04531,transporte,0.229682,5742.05
tx-000000839,merchant-04800,transporte,0.432984,10824.61
tx-000000840,merchant-02420,ropa,0.087523,2188.07
tx-000000841,merchant-00673,electronica,0.713682,17842.06
tx-000000842,merchant-01264,transporte,0.155912,3897.81
tx-000000843,merchant-00873,ferreteria,0.318045,7951.12
tx-000000844,merchant-02526,restaurante,0.007185,179.62
tx-000000845,merchant-02210,ferreteria,0.361198,9029.94
tx-000000846,merchant-01536,transporte,0.134242,3356.05
tx-000000847,merchant-04545,colmado,0.449946,11248.65
tx-000000848,merchant-00216,ferreteria,0.409228,10230.7
tx-000000849,merchant-00763,otros,0.355206,8880.16
tx-000000850,merchant-02658,transporte,0.598848,14971.19
tx-000000851,merchant-03390,transporte,0.014316,357.9
tx-000000852,merchant-04584,ropa,0.779611,19490.27
tx-000000853,merchant-01390,transporte,0.572816,14320.41
tx-000000854,merchant-02203,electronica,0.171163,4279.07
tx-000000855,merchant-01196,ferreteria,0.26987,6746.75
tx-000000856,merchant-02261,transporte,0.168873,4221.82
tx-000000857,merchant-00631,servicios,0.301153,7528.82
tx-000000858,merchant-02021,restaurante,0.253196,6329.91
tx-000000859,merchant-01602,restaurante,0.594619,14865.47
tx-000000860,merchant-02496,alimentos,0.108758,2718.96
tx-000000861,merchant-02722,otros,0.948926,23723.15
tx-000000862,merchant-02700,restaurante,0.38113,9528.25
tx-000000863,merchant-04870,farmacia,0.336067,8401.67
tx-000000864,merchant-04942,ropa,0.301834,7545.86
tx-000000865,merchant-01456,transporte,0.480052,12001.29
tx-000000866,merchant-02388,restaurante,0.968788,24219.69
tx-000000867,merchant-01986,servicios,0.967828,24195.69
tx-000000868,merchant-03219,servicios,0.377303,9432.58
tx-000000869,merchant-04620,ropa,0.11566,2891.5
tx-000000870,merchant-04470,farmacia,0.593042,14826.06
tx-000000871,merchant-04507,alimentos,0.682349,17058.73
tx-000000872,merchant-03782,ropa,0.953099,23827.47
tx-000000873,merchant-02387,ferreteria,0.439578,10989.45
tx-000000874,merchant-03352,restaurante,0.819328,20483.19
tx-000000875,merchant-02481,ropa,0.140901,3522.52
tx-000000876,merchant-01263,transporte,0.254176,6354.41
tx-000000877,merchant-00606,restaurante,0.789499,19737.47
tx-000000878,merchant-03926,otros,0.990719,24767.98
tx-000000879,merchant-04151,transporte,0.402004,10050.09
tx-000000880,merchant-02946,colmado,0.544558,13613.95
tx-000000881,merchant-00697,ferreteria,0.594632,14865.81
tx-000000882,merchant-02909,farmacia,0.769416,19235.4
tx-000000883,merchant-00363,otros,0.647706,16192.65
tx-000000884,merchant-03274,servicios,0.983641,24591.02
tx-000000885,merchant-03527,ferreteria,0.965785,24144.63
tx-000000886,merchant-02120,ropa,0.012527,313.17
tx-000000887,merchant-04250,colmado,0.511655,12791.37
tx-000000888,merchant-04713,ropa,0.581357,14533.93
tx-000000889,merchant-03205,restaurante,0.446887,11172.17
tx-000000890,merchant-04822,colmado,0.772798,19319.94
tx-000000891,merchant-00202,restaurante,0.152444,3811.09
tx-000000892,merchant-03408,ferreteria,0.10634,2658.51
tx-000000893,merchant-01161,servicios,0.117837,2945.93
tx-000000894,merchant-03731,ropa,0.313266,7831.66
tx-000000895,merchant-02854,restaurante,0.522073,13051.82
tx-000000896,merchant-03707,servicios,0.099428,2485.69
tx-000000897,merchant-00367,ferreteria,0.06904,1726.0
tx-000000898,merchant-02811,ferreteria,0.02454,613.5
tx-000000899,merchant-01347,ropa,0.677785,16944.63
tx-000000900,merchant-04522,farmacia,0.516962,12924.05
tx-000000901,merchant-03493,restaurante,0.332328,8308.19
tx-000000902,merchant-03319,farmacia,0.233392,5834.8
tx-000000903,merchant-03541,transporte,0.188014,4700.35
tx-000000904,merchant-01617,restaurante,0.031134,778.35
tx-000000905,merchant-03186,alimentos,0.593019,14825.47
tx-000000906,merchant-01686,electronica,0.705326,17633.15
tx-000000907,merchant-00513,otros,0.752821,18820.52
tx-000000908,merchant-04399,farmacia,0.103548,2588.71
tx-000000909,merchant-01615,restaurante,0.367062,9176.54
tx-000000910,merchant-04010,colmado,0.115727,2893.18
tx-000000911,merchant-02568,otros,0.965984,24149.61
tx-000000912,merchant-03216,otros,0.389862,9746.55
tx-000000913,merchant-02884,restaurante,0.116004,2900.09
tx-000000914,merchant-02437,otros,0.618128,15453.2
tx-000000915,merchant-01098,servicios,0.590988,14774.7
tx-000000916,merchant-02502,ferreteria,0.119626,2990.65
tx-000000917,merchant-01159,colmado,0.184678,4616.96
tx-000000918,merchant-04886,farmacia,0.389686,9742.16
tx-000000919,merchant-03466,farmacia,0.575656,14391.41
tx-000000920,merchant-04403,farmacia,0.487697,12192.42
tx-000000921,merchant-04012,electronica,0.555803,13895.07
tx-000000922,merchant-02578,restaurante,0.142016,3550.4
tx-000000923,merchant-02942,alimentos,0.620171,15504.28
tx-000000924,merchant-01599,transporte,0.48564,12140.99
tx-000000925,merchant-04141,restaurante,0.963902,24097.54
tx-000000926,merchant-04029,transporte,0.410316,10257.9
tx-000000927,merchant-03637,restaurante,0.710722,17768.05
tx-000000928,merchant-04632,alimentos,0.168919,4222.97
tx-000000929,merchant-01807,electronica,0.796289,19907.23
tx-000000930,merchant-01842,colmado,0.03463,865.74
tx-000000931,merchant-03747,otros,0.290093,7252.32
tx-000000932,merchant-04058,colmado,0.743033,18575.83
tx-000000933,merchant-04692,ferreteria,0.511784,12794.61
tx-000000934,merchant-04450,servicios,0.269353,6733.83
tx-000000935,merchant-00341,restaurante,0.542959,13573.98
tx-000000936,merchant-03483,ferreteria,0.54726,13681.51
tx-000000937,merchant-02028,electronica,0.736517,18412.92
tx-000000938,merchant-00265,restaurante,0.87506,21876.51
tx-000000939,merchant-00713,restaurante,0.26429,6607.24
tx-000000940,merchant-00962,ropa,0.86556,21639.0
tx-000000941,merchant-04817,servicios,0.211458,5286.46
tx-000000942,merchant-05000,transporte,0.861326,21533.16
tx-000000943,merchant-01141,ropa,0.16765,4191.24
tx-000000944,merchant-00487,otros,0.813903,20347.57
tx-000000945,merchant-02303,otros,0.352114,8802.85
tx-000000946,merchant-02652,electronica,0.539691,13492.28
tx-000000947,merchant-02191,colmado,0.290754,7268.86
tx-000000948,merchant-00781,farmacia,0.985517,24637.93
tx-000000949,merchant-03372,alimentos,0.962846,24071.16
tx-000000950,merchant-01040,farmacia,0.992501,24812.53
tx-000000951,merchant-02639,ropa,0.251178,6279.45
tx-000000952,merchant-03218,restaurante,0.761951,19048.77
tx-000000953,merchant-02202,transporte,0.143887,3597.18
tx-000000954,merchant-00619,ferreteria,0.376422,9410.55
tx-000000955,merchant-02280,servicios,0.404045,10101.13
tx-000000956,merchant-03999,servicios,0.455786,11394.66
tx-000000957,merchant-00764,restaurante,0.582792,14569.79
tx-000000958,merchant-02935,ferreteria,0.635571,15889.27
tx-000000959,merchant-03259,ropa,0.796086,19902.16
tx-000000960,merchant-01736,restaurante,0.968192,24204.81
tx-000000961,merchant-02324,servicios,0.27,6749.99
tx-000000962,merchant-01070,otros,0.548216,13705.4
tx-000000963,merchant-02816,alimentos,0.852718,21317.94
tx-000000964,merchant-03765,alimentos,0.047851,1196.28
tx-000000965,merchant-01295,restaurante,0.125989,3149.72
tx-000000966,merchant-03505,ropa,0.457605,11440.13
tx-000000967,merchant-01081,electronica,0.995703,24892.57
tx-000000968,merchant-02245,ferreteria,0.16066,4016.49
tx-000000969,merchant-02052,ferreteria,0.655279,16381.97
tx-000000970,merchant-01356,alimentos,0.3731,9327.5
tx-000000971,merchant-02503,ropa,0.397549,9938.72
tx-000000972,merchant-00748,ferreteria,0.430372,10759.31
tx-000000973,merchant-03907,ferreteria,0.003084,77.1
tx-000000974,merchant-01853,colmado,0.134434,3360.86
tx-000000975,merchant-00077,alimentos,0.680623,17015.57
tx-000000976,merchant-00988,transporte,0.696206,17405.15
tx-000000977,merchant-03914,ferreteria,0.694643,17366.07
tx-000000978,merchant-00732,ferreteria,0.230489,5762.22
tx-000000979,merchant-03012,electronica,0.104995,2624.88
tx-000000980,merchant-01091,farmacia,0.138855,3471.38
tx-000000981,merchant-04615,alimentos,0.070275,1756.87
tx-000000982,merchant-01345,restaurante,0.611099,15277.47
tx-000000983,merchant-01746,farmacia,0.352485,8812.13
tx-000000984,merchant-03625,ropa,0.920054,23001.36
tx-000000985,merchant-00824,farmacia,0.088515,2212.87
tx-000000986,merchant-04830,transporte,0.752941,18823.52
tx-000000987,merchant-03518,servicios,0.352832,8820.81
tx-000000988,merchant-02030,electronica,0.791494,19787.36
tx-000000989,merchant-02033,colmado,0.645331,16133.28
tx-000000990,merchant-04978,electronica,0.601797,15044.93
tx-000000991,merchant-00220,electronica,0.779412,19485.29
tx-000000992,merchant-04972,colmado,0.207035,5175.87
tx-000000993,merchant-03210,electronica,0.190269,4756.73
tx-000000994,merchant-01961,restaurante,0.646878,16171.94
tx-000000995,merchant-01975,restaurante,0.387114,9677.85
tx-000000996,merchant-00582,colmado,0.638806,15970.15
tx-000000997,merchant-00099,servicios,0.888947,22223.68
tx-000000998,merchant-01082,transporte,0.934056,23351.41
tx-000000999,merchant-04657,transporte,0.861092,21527.31
tx-000001000,merchant-01416,restaurante,0.366682,9167.04
tx-000001001,merchant-00598,alimentos,0.954544,23863.6
tx-000001002,merchant-00113,electronica,0.588189,14704.72
tx-000001003,merchant-00496,transporte,0.217312,5432.79
tx-000001004,merchant-04105,transporte,0.507597,12689.93
tx-000001005,merchant-03296,ferreteria,0.424728,10618.2
tx-000001006,merchant-04405,otros,0.641256,16031.41
tx-000001007,merchant-00685,electronica,0.154375,3859.38
tx-000001008,merchant-01665,farmacia,0.080864,2021.59
tx-000001009,merchant-03201,otros,0.537317,13432.93
tx-000001010,merchant-00542,electronica,0.635026,15875.64
tx-000001011,merchant-01955,alimentos,0.699278,17481.96
tx-000001012,merchant-03560,ferreteria,0.245991,6149.77
tx-000001013,merchant-04988,alimentos,0.454465,11361.63
tx-000001014,merchant-01439,ferreteria,0.310672,7766.79
tx-000001015,merchant-01125,alimentos,0.01464,365.99
tx-000001016,merchant-02841,colmado,0.165505,4137.62
tx-000001017,merchant-02124,farmacia,0.518188,12954.71
tx-000001018,merchant-02202,ferreteria,0.373126,9328.14
tx-000001019,merchant-00241,servicios,0.771888,19297.19
tx-000001020,merchant-02229,colmado,0.807494,20187.34
tx-000001021,merchant-04724,ferreteria,0.065744,1643.61
tx-000001022,merchant-04185,servicios,0.497155,12428.88
tx-000001023,merchant-04644,farmacia,0.057328,1433.21
tx-000001024,merchant-02090,ferreteria,0.368952,9223.81
tx-000001025,merchant-00945,ropa,0.89448,22362.0
tx-000001026,merchant-00022,alimentos,0.741298,18532.46
tx-000001027,merchant-00101,ropa,0.858972,21474.29
tx-000001028,merchant-02982,transporte,0.04789,1197.24
tx-000001029,merchant-01467,alimentos,0.920386,23009.65
tx-000001030,merchant-03436,ropa,0.553759,13843.98
tx-000001031,merchant-03410,servicios,0.323158,8078.96
tx-000001032,merchant-00639,otros,0.272716,6817.89
tx-000001033,merchant-04113,alimentos,0.374062,9351.56
tx-000001034,merchant-04226,alimentos,0.180986,4524.64
tx-000001035,merchant-00565,restaurante,0.954171,23854.28
tx-000001036,merchant-02546,servicios,0.8663,21657.5
tx-000001037,merchant-03742,alimentos,0.088213,2205.32
tx-000001038,merchant-02389,otros,0.370182,9254.54
tx-000001039,merchant-01988,restaurante,0.784938,19623.46
tx-000001040,merchant-04042,ropa,0.369537,9238.43
tx-000001041,merchant-04478,ropa,0.732998,18324.96
tx-000001042,merchant-03360,alimentos,0.152265,3806.63
tx-000001043,merchant-02838,alimentos,0.234532,5863.29
tx-000001044,merchant-00012,transporte,0.951088,23777.21
tx-000001045,merchant-02520,ferreteria,0.849308,21232.7
tx-000001046,merchant-01952,transporte,0.206784,5169.6
tx-000001047,merchant-00491,farmacia,0.493045,12326.12
tx-000001048,merchant-00763,alimentos,0.712229,17805.73
tx-000001049,merchant-04258,transporte,0.921432,23035.8
tx-000001050,merchant-03052,restaurante,0.701445,17536.13
tx-000001051,merchant-00696,otros,0.974606,24365.14
tx-000001052,merchant-01094,transporte,0.097386,2434.65
tx-000001053,merchant-04652,alimentos,0.076681,1917.02
tx-000001054,merchant-01071,ropa,0.436113,10902.82
tx-000001055,merchant-02581,transporte,0.293093,7327.32
tx-000001056,merchant-02673,servicios,0.701324,17533.1
tx-000001057,merchant-01914,ferreteria,0.453852,11346.31
tx-000001058,merchant-01116,otros,0.943668,23591.69
tx-000001059,merchant-00866,farmacia,0.110755,2768.87
tx-000001060,merchant-02573,transporte,0.450668,11266.69
tx-000001061,merchant-02936,ropa,0.122495,3062.38
tx-000001062,merchant-03796,electronica,0.453013,11325.33
tx-000001063,merchant-00741,farmacia,0.852777,21319.43
tx-000001064,merchant-02493,otros,0.807982,20199.54
tx-000001065,merchant-02686,farmacia,0.042249,1056.23
tx-000001066,merchant-02034,servicios,0.09303,2325.76
tx-000001067,merchant-00402,electronica,0.397452,9936.3
tx-000001068,merchant-01425,alimentos,0.261646,6541.16
tx-000001069,merchant-03705,colmado,0.952192,23804.81
tx-000001070,merchant-02047,ferreteria,0.748582,18714.56
tx-000001071,merchant-01146,ferreteria,0.463119,11577.98
tx-000001072,merchant-01821,farmacia,0.013933,348.33
tx-000001073,merchant-03282,servicios,0.199737,4993.42
tx-000001074,merchant-00689,otros,0.686913,17172.82
tx-000001075,merchant-00615,alimentos,0.586946,14673.66
tx-000001076,merchant-01620,restaurante,0.997167,24929.18
tx-000001077,merchant-00754,servicios,0.80968,20242.0
tx-000001078,merchant-03777,alimentos,0.124283,3107.07
tx-000001079,merchant-04702,transporte,0.169653,4241.33
tx-000001080,merchant-03236,restaurante,0.822042,20551.05
tx-000001081,merchant-03496,farmacia,0.031423,785.58
tx-000001082,merchant-01534,electronica,0.355235,8880.88
tx-000001083,merchant-01218,alimentos,0.281295,7032.37
tx-000001084,merchant-02014,electronica,0.614878,15371.96
tx-000001085,merchant-04512,restaurante,0.499894,12497.35
tx-000001086,merchant-02292,transporte,0.062857,1571.43
tx-000001087,merchant-01634,colmado,0.138962,3474.04
tx-000001088,merchant-04454,alimentos,0.25065,6266.24
tx-000001089,merchant-02942,restaurante,0.989425,24735.62
tx-000001090,merchant-03971,servicios,0.545429,13635.72
tx-000001091,merchant-04116,servicios,0.912852,22821.29
tx-000001092,merchant-01474,alimentos,0.389604,9740.11
tx-000001093,merchant-01795,alimentos,0.32024,8006.0
tx-000001094,merchant-02302,alimentos,0.895973,22399.33
tx-000001095,merchant-03865,colmado,0.809036,20225.91
tx-000001096,merchant-04785,ropa,0.358718,8967.95
tx-000001097,merchant-00821,ropa,0.974032,24350.8
tx-000001098,merchant-02184,colmado,0.657551,16438.77
tx-000001099,merchant-00459,ropa,0.816652,20416.31
tx-000001100,merchant-03182,servicios,0.576541,14413.52
tx-000001101,merchant-01424,farmacia,0.935336,23383.39
tx-000001102,merchant-02606,servicios,0.238078,5951.95
tx-000001103,merchant-00232,servicios,0.914152,22853.8
tx-000001104,merchant-04618,farmacia,0.947664,23691.59
tx-000001105,merchant-01543,restaurante,0.563983,14099.57
tx-000001106,merchant-01439,restaurante,0.54304,13576.01
tx-000001107,merchant-00461,ropa,0.039888,997.2
tx-000001108,merchant-00164,colmado,0.60246,15061.49
tx-000001109,merchant-02718,otros,0.479033,11975.83
tx-000001110,merchant-01069,servicios,0.203062,5076.54
tx-000001111,merchant-02651,alimentos,0.717504,17937.59
tx-000001112,merchant-04806,farmacia,0.023869,596.73
tx-000001113,merchant-04312,servicios,0.774818,19370.44
tx-000001114,merchant-03061,transporte,0.960638,24015.94
tx-000001115,merchant-02758,electronica,0.586845,14671.12
tx-000001116,merchant-01291,transporte,0.323958,8098.95
tx-000001117,merchant-03992,servicios,0.792259,19806.47
tx-000001118,merchant-04604,otros,0.175854,4396.36
tx-000001119,merchant-01829,otros,0.787418,19685.45
tx-000001120,merchant-03100,electronica,0.814825,20370.63
tx-000001121,merchant-02413,farmacia,0.734527,18363.17
tx-000001122,merchant-00015,otros,0.179353,4483.82
tx-000001123,merchant-04649,alimentos,0.392818,9820.46
tx-000001124,merchant-02607,otros,0.183718,4592.94
tx-000001125,merchant-04633,ferreteria,0.222454,5561.34
tx-000001126,merchant-01153,servicios,0.936814,23420.36
tx-000001127,merchant-01950,servicios,0.745853,18646.32
tx-000001128,merchant-01376,ferreteria,0.982415,24560.37
tx-000001129,merchant-02751,restaurante,0.822018,20550.46
tx-000001130,merchant-01718,ropa,0.013373,334.32
tx-000001131,merchant-02872,electronica,0.69379,17344.74
tx-000001132,merchant-00011,alimentos,0.787446,19686.15
tx-000001133,merchant-03438,farmacia,0.387165,9679.13
tx-000001134,merchant-04040,transporte,0.884783,22119.57
tx-000001135,merchant-03075,ferreteria,0.352529,8813.22
tx-000001136,merchant-04736,ropa,0.829149,20728.73
tx-000001137,merchant-00604,alimentos,0.164331,4108.28
tx-000001138,merchant-02611,electronica,0.296319,7407.97
tx-000001139,merchant-00608,servicios,0.951759,23793.97
tx-000001140,merchant-03076,farmacia,0.171765,4294.12
tx-000001141,merchant-04482,ferreteria,0.732521,18313.03
tx-000001142,merchant-03955,alimentos,0.339275,8481.87
tx-000001143,merchant-01352,otros,0.432461,10811.52
tx-000001144,merchant-01287,alimentos,0.889974,22249.34
tx-000001145,merchant-01684,ropa,0.103055,2576.38
tx-000001146,merchant-04540,colmado,0.410461,10261.53
tx-000001147,merchant-02307,electronica,0.266734,6668.36
tx-000001148,merchant-00407,transporte,0.239073,5976.83
tx-000001149,merchant-04022,farmacia,0.572626,14315.66
tx-000001150,merchant-00032,transporte,0.056396,1409.9
tx-000001151,merchant-04917,restaurante,0.089453,2236.33
tx-000001152,merchant-00211,ropa,0.201276,5031.89
tx-000001153,merchant-02391,ferreteria,0.17249,4312.26
tx-000001154,merchant-00947,electronica,0.474624,11865.59
tx-000001155,merchant-03858,restaurante,0.785307,19632.67
tx-000001156,merchant-02171,ferreteria,0.895088,22377.19
tx-000001157,merchant-03175,farmacia,0.642583,16064.57
tx-000001158,merchant-03125,servicios,0.372278,9306.96
tx-000001159,merchant-00366,electronica,0.18821,4705.24
tx-000001160,merchant-02158,ropa,0.440861,11021.52
tx-000001161,merchant-04623,alimentos,0.837404,20935.11
tx-000001162,merchant-00793,ferreteria,0.152828,3820.71
tx-000001163,merchant-04436,transporte,0.668805,16720.12
tx-000001164,merchant-04832,ropa,0.970764,24269.1
tx-000001165,merchant-03172,colmado,0.554495,13862.37
tx-000001166,merchant-04387,restaurante,0.419795,10494.87
tx-000001167,merchant-01931,restaurante,0.573569,14339.22
tx-000001168,merchant-03235,alimentos,0.300254,7506.36
tx-000001169,merchant-04234,otros,0.503097,12577.43
tx-000001170,merchant-01208,ferreteria,0.67818,16954.5
tx-000001171,merchant-03679,farmacia,0.949356,23733.91
tx-000001172,merchant-01370,ropa,0.949163,23729.08
tx-000001173,merchant-01034,alimentos,0.808844,20221.09
tx-000001174,merchant-03567,ropa,0.424528,10613.2
tx-000001175,merchant-01212,otros,0.997275,24931.87
tx-000001176,merchant-00549,ferreteria,0.25937,6484.26
tx-000001177,merchant-03256,colmado,0.389323,9733.07
tx-000001178,merchant-02263,colmado,0.327474,8186.86
tx-000001179,merchant-00102,otros,0.459241,11481.02
tx-000001180,merchant-03438,ferreteria,0.588401,14710.02
tx-000001181,merchant-01215,otros,0.415614,10390.34
tx-000001182,merchant-00821,ferreteria,0.588758,14718.96
tx-000001183,merchant-00828,electronica,0.563558,14088.96
tx-000001184,merchant-02817,transporte,0.86774,21693.51
tx-000001185,merchant-03978,otros,0.265608,6640.21
tx-000001186,merchant-00307,farmacia,0.609744,15243.61
tx-000001187,merchant-01179,otros,0.276863,6921.58
tx-000001188,merchant-03291,alimentos,0.609438,15235.95
tx-000001189,merchant-02716,ropa,0.397001,9925.03
tx-000001190,merchant-03893,electronica,0.051192,1279.81
tx-000001191,merchant-00166,servicios,0.897237,22430.93
tx-000001192,merchant-02483,electronica,0.817751,20443.78
tx-000001193,merchant-04028,ferreteria,0.281786,7044.65
tx-000001194,merchant-01868,farmacia,0.972552,24313.79
tx-000001195,merchant-03630,servicios,0.30188,7546.99
tx-000001196,merchant-03415,otros,0.270881,6772.03
tx-000001197,merchant-01540,restaurante,0.646264,16156.59
tx-000001198,merchant-03336,restaurante,0.212968,5324.19
tx-000001199,merchant-03064,alimentos,0.759974,18999.36
tx-000001200,merchant-01303,ferreteria,0.516239,12905.98
tx-000001201,merchant-04152,transporte,0.312501,7812.52
tx-000001202,merchant-04295,otros,0.137378,3434.46
tx-000001203,merchant-01580,ropa,0.03089,772.26
tx-000001204,merchant-02044,alimentos,0.837303,20932.57
tx-000001205,merchant-02953,ropa,0.457536,11438.39
tx-000001206,merchant-03803,colmado,0.27543,6885.74
tx-000001207,merchant-01015,alimentos,0.398148,9953.71
tx-000001208,merchant-04005,otros,0.243454,6086.36
tx-000001209,merchant-03888,otros,0.447211,11180.28
tx-000001210,merchant-02821,farmacia,0.552231,13805.78
tx-000001211,merchant-02119,ferreteria,0.837978,20949.46
tx-000001212,merchant-03167,alimentos,0.286499,7162.48
tx-000001213,merchant-04688,ropa,0.164582,4114.54
tx-000001214,merchant-01845,ropa,0.857397,21434.92
tx-000001215,merchant-03355,colmado,0.270546,6763.64
tx-000001216,merchant-00073,restaurante,0.022012,550.31
tx-000001217,merchant-01419,otros,0.911692,22792.31
tx-000001218,merchant-01834,electronica,0.801263,20031.58
tx-000001219,merchant-02503,electronica,0.609127,15228.18
tx-000001220,merchant-03085,servicios,0.424959,10623.98
tx-000001221,merchant-01788,restaurante,0.46008,11502.0
tx-000001222,merchant-04266,otros,0.303541,7588.52
tx-000001223,merchant-00839,alimentos,0.398358,9958.96
tx-000001224,merchant-03066,colmado,0.512491,12812.27
tx-000001225,merchant-04990,electronica,0.648048,16201.19
tx-000001226,merchant-00886,restaurante,0.299879,7496.97
tx-000001227,merchant-02265,servicios,0.065709,1642.73
tx-000001228,merchant-02140,electronica,0.861769,21544.22
tx-000001229,merchant-04238,ropa,0.189983,4749.58
tx-000001230,merchant-04916,transporte,0.899888,22497.19
tx-000001231,merchant-01147,alimentos,0.661209,16530.23
tx-000001232,merchant-02422,electronica,0.65609,16402.24
tx-000001233,merchant-03315,transporte,0.907098,22677.44
tx-000001234,merchant-04777,otros,0.737259,18431.47
tx-000001235,merchant-02812,ropa,0.816383,20409.57
tx-000001236,merchant-03898,servicios,0.686946,17173.64
tx-000001237,merchant-01393,colmado,0.5083,12707.51
tx-000001238,merchant-00800,restaurante,0.182774,4569.34
tx-000001239,merchant-02119,colmado,0.129688,3242.21
tx-000001240,merchant-01500,servicios,0.763392,19084.81
tx-000001241,merchant-01821,servicios,0.655126,16378.14
tx-000001242,merchant-02516,transporte,0.224881,5622.03
tx-000001243,merchant-02715,servicios,0.788514,19712.86
tx-000001244,merchant-02409,restaurante,0.262038,6550.95
tx-000001245,merchant-03855,alimentos,0.851512,21287.79
tx-000001246,merchant-04781,otros,0.86666,21666.51
tx-000001247,merchant-00584,restaurante,0.944412,23610.31
tx-000001248,merchant-04100,ferreteria,0.889647,22241.18
tx-000001249,merchant-03127,colmado,0.867763,21694.07
tx-000001250,merchant-00443,farmacia,0.299759,7493.98
tx-000001251,merchant-01641,servicios,0.13909,3477.26
tx-000001252,merchant-04665,restaurante,0.410374,10259.34
tx-000001253,merchant-01478,ferreteria,0.144938,3623.44
tx-000001254,merchant-01449,servicios,0.488606,12215.14
tx-000001255,merchant-00039,restaurante,0.63523,15880.75
tx-000001256,merchant-01382,otros,0.274981,6874.52
tx-000001257,merchant-04011,ferreteria,0.764955,19123.87
tx-000001258,merchant-03553,transporte,0.131147,3278.68
tx-000001259,merchant-03911,transporte,0.404587,10114.67
tx-000001260,merchant-04373,ropa,0.00666,166.49
tx-000001261,merchant-00116,servicios,0.731198,18279.94
tx-000001262,merchant-04351,ropa,0.757334,18933.35
tx-000001263,merchant-00034,ropa,0.01988,497.01
tx-000001264,merchant-02821,electronica,0.227813,5695.33
tx-000001265,merchant-03143,colmado,0.130673,3266.82
tx-000001266,merchant-01369,ferreteria,0.589493,14737.33
tx-000001267,merchant-02443,electronica,0.824196,20604.9
tx-000001268,merchant-04263,otros,0.457014,11425.36
tx-000001269,merchant-03553,farmacia,0.52507,13126.74
tx-000001270,merchant-04016,servicios,0.344047,8601.18
tx-000001271,merchant-01351,transporte,0.750615,18765.38
tx-000001272,merchant-01838,farmacia,0.021086,527.16
tx-000001273,merchant-00180,otros,0.212768,5319.2
tx-000001274,merchant-01009,servicios,0.505624,12640.61
tx-000001275,merchant-00307,transporte,0.711688,17792.2
tx-000001276,merchant-02096,colmado,0.876791,21919.78
tx-000001277,merchant-04866,alimentos,0.623888,15597.21
tx-000001278,merchant-00162,alimentos,0.662646,16566.15
tx-000001279,merchant-03415,restaurante,0.69037,17259.26
tx-000001280,merchant-04484,electronica,0.381493,9537.33
tx-000001281,merchant-01255,ropa,0.475448,11886.19
tx-000001282,merchant-00077,electronica,0.695802,17395.04
tx-000001283,merchant-00828,colmado,0.42203,10550.74
tx-000001284,merchant-04962,farmacia,0.271437,6785.93
tx-000001285,merchant-00860,colmado,0.419988,10499.7
tx-000001286,merchant-00965,electronica,0.719329,17983.22
tx-000001287,merchant-00871,restaurante,0.115784,2894.61
tx-000001288,merchant-01637,electronica,0.200249,5006.23
tx-000001289,merchant-01653,servicios,0.831836,20795.9
tx-000001290,merchant-02420,farmacia,0.70403,17600.75
tx-000001291,merchant-04067,ropa,0.041327,1033.17
tx-000001292,merchant-03938,servicios,0.688828,17220.69
tx-000001293,merchant-00105,ferreteria,0.236036,5900.91
tx-000001294,merchant-04704,restaurante,0.907066,22676.66
tx-000001295,merchant-00738,colmado,0.150846,3771.16
tx-000001296,merchant-00830,electronica,0.076898,1922.45
tx-000001297,merchant-03742,electronica,0.645048,16126.2
tx-000001298,merchant-00411,ferreteria,0.265597,6639.92
tx-000001299,merchant-00324,electronica,0.813552,20338.8
tx-000001300,merchant-02562,transporte,0.361494,9037.36
tx-000001301,merchant-00779,alimentos,0.739063,18476.58
tx-000001302,merchant-01134,farmacia,0.011653,291.32
tx-000001303,merchant-03586,otros,0.330004,8250.09
tx-000001304,merchant-00762,servicios,0.269773,6744.32
tx-000001305,merchant-01499,ferreteria,0.815334,20383.36
tx-000001306,merchant-03740,electronica,0.401976,10049.4
tx-000001307,merchant-03918,transporte,0.836037,20900.92
tx-000001308,merchant-01367,ferreteria,0.649549,16238.72
tx-000001309,merchant-00481,farmacia,0.134246,3356.16
tx-000001310,merchant-04840,restaurante,0.105506,2637.64
tx-000001311,merchant-03590,farmacia,0.80266,20066.51
tx-000001312,merchant-02938,otros,0.6121,15302.51
tx-000001313,merchant-01071,restaurante,0.030758,768.96
tx-000001314,merchant-00926,transporte,0.920557,23013.93
tx-000001315,merchant-00519,electronica,0.441806,11045.16
tx-000001316,merchant-00102,colmado,0.655664,16391.59
tx-000001317,merchant-04724,otros,0.767994,19199.84
tx-000001318,merchant-02772,colmado,0.225537,5638.42
tx-000001319,merchant-00781,transporte,0.524057,13101.42
tx-000001320,merchant-02037,restaurante,0.66239,16559.75
tx-000001321,merchant-03153,farmacia,0.347058,8676.45
tx-000001322,merchant-04574,otros,0.839355,20983.87
tx-000001323,merchant-01286,colmado,0.056457,1411.42
tx-000001324,merchant-04062,farmacia,0.849148,21228.7
tx-000001325,merchant-04028,servicios,0.076716,1917.89
tx-000001326,merchant-02279,alimentos,0.24241,6060.25
tx-000001327,merchant-04510,transporte,0.507916,12697.89
tx-000001328,merchant-01926,ferreteria,0.40447,10111.76
tx-000001329,merchant-04695,restaurante,0.460176,11504.41
tx-000001330,merchant-04084,restaurante,0.089844,2246.1
tx-000001331,merchant-04075,alimentos,0.31743,7935.74
tx-000001332,merchant-03378,alimentos,0.104438,2610.95
tx-000001333,merchant-00002,ferreteria,0.558017,13950.42
tx-000001334,merchant-02496,colmado,0.7922,19804.99
tx-000001335,merchant-03738,servicios,0.563208,14080.2
tx-000001336,merchant-00445,ropa,0.364616,9115.39
tx-000001337,merchant-02720,colmado,0.844629,21115.72
tx-000001338,merchant-04915,restaurante,0.767882,19197.04
tx-000001339,merchant-02977,restaurante,0.717225,17930.62
tx-000001340,merchant-01817,alimentos,0.115795,2894.88
tx-000001341,merchant-02392,colmado,0.342674,8566.86
tx-000001342,merchant-00871,alimentos,0.522941,13073.53
tx-000001343,merchant-04034,farmacia,0.897083,22427.08
tx-000001344,merchant-03353,ferreteria,0.822195,20554.87
tx-000001345,merchant-01605,ropa,0.255781,6394.52
tx-000001346,merchant-03219,ropa,0.122504,3062.61
tx-000001347,merchant-01562,servicios,0.458132,11453.3
tx-000001348,merchant-03396,alimentos,0.10955,2738.76
tx-000001349,merchant-04824,ferreteria,0.926773,23169.33
tx-000001350,merchant-03691,restaurante,0.772601,19315.02
tx-000001351,merchant-04131,farmacia,0.65914,16478.49
tx-000001352,merchant-00036,colmado,0.963927,24098.18
tx-000001353,merchant-04533,transporte,0.736742,18418.54
tx-000001354,merchant-03957,colmado,0.839138,20978.46
tx-000001355,merchant-01452,otros,0.781519,19537.98
tx-000001356,merchant-01052,ferreteria,0.175303,4382.57
tx-000001357,merchant-04920,otros,0.388631,9715.77
tx-000001358,merchant-04130,transporte,0.88293,22073.26
tx-000001359,merchant-04989,ropa,0.419828,10495.69
tx-000001360,merchant-02809,electronica,0.275049,6876.22
tx-000001361,merchant-01093,farmacia,0.45394,11348.5
tx-000001362,merchant-04197,electronica,0.41392,10348.0
tx-000001363,merchant-04488,servicios,0.843388,21084.71
tx-000001364,merchant-04535,ropa,0.712451,17811.27
tx-000001365,merchant-02381,servicios,0.202487,5062.18
tx-000001366,merchant-01087,farmacia,0.921349,23033.73
tx-000001367,merchant-02641,ferreteria,0.504886,12622.14
tx-000001368,merchant-04607,restaurante,0.761254,19031.34
tx-000001369,merchant-03420,colmado,0.583641,14591.02
tx-000001370,merchant-03461,alimentos,0.287356,7183.9
tx-000001371,merchant-00208,transporte,0.523684,13092.11
tx-000001372,merchant-00464,ropa,0.147036,3675.9
tx-000001373,merchant-01319,electronica,0.268444,6711.11
tx-000001374,merchant-01200,alimentos,0.684024,17100.59
tx-000001375,merchant-02418,ropa,0.691214,17280.34
tx-000001376,merchant-00265,servicios,0.754087,18852.17
tx-000001377,merchant-00840,otros,0.814398,20359.95
tx-000001378,merchant-04603,ropa,0.868299,21707.48
tx-000001379,merchant-04598,transporte,0.742928,18573.2
tx-000001380,merchant-02357,alimentos,0.23912,5978.01
tx-000001381,merchant-03175,transporte,0.926632,23165.8
tx-000001382,merchant-02562,colmado,0.956788,23919.71
tx-000001383,merchant-02059,ropa,0.055694,1392.36
tx-000001384,merchant-03630,ropa,0.62132,15533.01
tx-000001385,merchant-03013,otros,0.911664,22791.59
tx-000001386,merchant-04943,ropa,0.547522,13688.05
tx-000001387,merchant-01586,electronica,0.776594,19414.86
tx-000001388,merchant-00611,farmacia,0.449917,11247.93
tx-000001389,merchant-04210,ferreteria,0.96255,24063.76
tx-000001390,merchant-03511,electronica,0.378444,9461.1
tx-000001391,merchant-01066,farmacia,0.557486,13937.14
tx-000001392,merchant-02090,alimentos,0.584818,14620.45
tx-000001393,merchant-01269,alimentos,0.331902,8297.54
tx-000001394,merchant-02643,otros,0.155396,3884.9
tx-000001395,merchant-02468,restaurante,0.052754,1318.84
tx-000001396,merchant-04507,servicios,0.790328,19758.21
tx-000001397,merchant-02604,colmado,0.074735,1868.38
tx-000001398,merchant-01507,colmado,0.221522,5538.05
tx-000001399,merchant-04139,farmacia,0.07004,1751.0
tx-000001400,merchant-04400,transporte,0.417099,10427.48
tx-000001401,merchant-01813,ropa,0.093762,2344.04
tx-000001402,merchant-02713,servicios,0.664008,16600.2
tx-000001403,merchant-04346,restaurante,0.294987,7374.68
tx-000001404,merchant-00073,ferreteria,0.996638,24915.95
tx-000001405,merchant-03651,ropa,0.6696,16740.01
tx-000001406,merchant-01998,alimentos,0.904688,22617.19
tx-000001407,merchant-02630,transporte,0.683186,17079.66
tx-000001408,merchant-00929,transporte,0.9161,22902.51
tx-000001409,merchant-02317,alimentos,0.258077,6451.93
tx-000001410,merchant-03072,colmado,0.911513,22787.83
tx-000001411,merchant-03651,restaurante,0.803211,20080.28
tx-000001412,merchant-01578,servicios,0.045764,1144.1
tx-000001413,merchant-00787,farmacia,0.514867,12871.67
tx-000001414,merchant-04408,colmado,0.971686,24292.14
tx-000001415,merchant-00537,ropa,0.009316,232.9
tx-000001416,merchant-01747,transporte,0.670994,16774.86
tx-000001417,merchant-01685,colmado,0.835994,20899.84
tx-000001418,merchant-03566,ferreteria,0.829091,20727.28
tx-000001419,merchant-01260,alimentos,0.747397,18684.93
tx-000001420,merchant-02718,alimentos,0.460307,11507.67
tx-000001421,merchant-00445,farmacia,0.089346,2233.65
tx-000001422,merchant-04572,ferreteria,0.794626,19865.66
tx-000001423,merchant-01865,electronica,0.575812,14395.31
tx-000001424,merchant-03696,transporte,0.408818,10220.44
tx-000001425,merchant-00139,transporte,0.434159,10853.97
tx-000001426,merchant-04382,alimentos,0.673952,16848.8
tx-000001427,merchant-00519,otros,0.64214,16053.5
tx-000001428,merchant-00595,servicios,0.047426,1185.65
tx-000001429,merchant-00870,electronica,0.928192,23204.79
tx-000001430,merchant-02469,otros,0.787318,19682.95
tx-000001431,merchant-03586,transporte,0.088332,2208.31
tx-000001432,merchant-00253,restaurante,0.396323,9908.08
tx-000001433,merchant-01802,farmacia,0.158011,3950.27
tx-000001434,merchant-04471,electronica,0.74726,18681.51
tx-000001435,merchant-01181,electronica,0.960214,24005.35
tx-000001436,merchant-03057,alimentos,0.677934,16948.36
tx-000001437,merchant-04548,farmacia,0.554417,13860.43
tx-000001438,merchant-00042,otros,0.124989,3124.72
tx-000001439,merchant-04401,colmado,0.597462,14936.54
tx-000001440,merchant-02497,ropa,0.947086,23677.14
tx-000001441,merchant-02817,ropa,0.7488,18720.0
tx-000001442,merchant-04199,farmacia,0.413829,10345.73
tx-000001443,merchant-01809,otros,0.162632,4065.81
tx-000001444,merchant-01592,ferreteria,0.835079,20876.97
tx-000001445,merchant-04648,alimentos,0.182995,4574.88
tx-000001446,merchant-04497,restaurante,0.851685,21292.12
tx-000001447,merchant-00600,electronica,0.645385,16134.63
tx-000001448,merchant-02054,ferreteria,0.672342,16808.55
tx-000001449,merchant-04757,restaurante,0.199023,4975.57
tx-000001450,merchant-02926,farmacia,0.951637,23790.92
tx-000001451,merchant-01922,ferreteria,0.671953,16798.82
tx-000001452,merchant-00572,ropa,0.286567,7164.17
tx-000001453,merchant-03692,servicios,0.31915,7978.76
tx-000001454,merchant-02505,otros,0.61711,15427.74
tx-000001455,merchant-04644,servicios,0.15409,3852.25
tx-000001456,merchant-03509,farmacia,0.808084,20202.11
tx-000001457,merchant-02017,ropa,0.006822,170.56
tx-000001458,merchant-03573,electronica,0.712775,17819.37
tx-000001459,merchant-01101,servicios,0.84043,21010.75
tx-000001460,merchant-03792,restaurante,0.87813,21953.25
tx-000001461,merchant-02503,restaurante,0.360024,9000.6
tx-000001462,merchant-01440,otros,0.552568,13814.21
tx-000001463,merchant-02299,farmacia,0.08381,2095.24
tx-000001464,merchant-01610,electronica,0.891514,22287.86
tx-000001465,merchant-00627,ferreteria,0.734078,18351.94
tx-000001466,merchant-04155,alimentos,0.892321,22308.02
tx-000001467,merchant-04743,transporte,0.813017,20325.43
tx-000001468,merchant-01743,alimentos,0.769662,19241.55
tx-000001469,merchant-04453,colmado,0.552491,13812.27
tx-000001470,merchant-01218,servicios,0.47316,11828.99
tx-000001471,merchant-04831,electronica,0.393713,9842.83
tx-000001472,merchant-04106,colmado,0.135614,3390.34
tx-000001473,merchant-02981,colmado,0.092373,2309.32
tx-000001474,merchant-01957,otros,0.01257,314.26
tx-000001475,merchant-04212,farmacia,0.684793,17119.83
tx-000001476,merchant-01468,otros,0.447328,11183.2
tx-000001477,merchant-01198,restaurante,0.948814,23720.36
tx-000001478,merchant-00332,ropa,0.939297,23482.42
tx-000001479,merchant-01899,ferreteria,0.76195,19048.74
tx-000001480,merchant-01918,alimentos,0.265828,6645.71
tx-000001481,merchant-04243,servicios,0.669248,16731.21
tx-000001482,merchant-03725,alimentos,0.389317,9732.92
tx-000001483,merchant-02655,ferreteria,0.041825,1045.62
tx-000001484,merchant-04272,electronica,0.704329,17608.22
tx-000001485,merchant-02158,otros,0.835202,20880.06
tx-000001486,merchant-01425,transporte,0.545261,13631.53
tx-000001487,merchant-02993,otros,0.654368,16359.2
tx-000001488,merchant-00638,colmado,0.65403,16350.75
tx-000001489,merchant-01826,colmado,0.253083,6327.08
tx-000001490,merchant-02827,restaurante,0.40703,10175.76
tx-000001491,merchant-04950,alimentos,0.793072,19826.8
tx-000001492,merchant-01139,restaurante,0.502833,12570.83
tx-000001493,merchant-00632,colmado,0.167275,4181.87
tx-000001494,merchant-01733,farmacia,0.64419,16104.75
tx-000001495,merchant-02968,otros,0.188532,4713.3
tx-000001496,merchant-00970,ropa,0.717868,17946.7
tx-000001497,merchant-02706,ferreteria,0.415784,10394.61
tx-000001498,merchant-03923,restaurante,0.482554,12063.84
tx-000001499,merchant-01321,transporte,0.212282,5307.06
tx-000001500,merchant-00354,farmacia,0.024401,610.03
tx-000001501,merchant-01320,farmacia,0.57434,14358.49
tx-000001502,merchant-00322,otros,0.630281,15757.03
tx-000001503,merchant-01363,electronica,0.148571,3714.28
tx-000001504,merchant-04233,transporte,0.922602,23065.05
tx-000001505,merchant-04618,alimentos,0.600159,15003.97
tx-000001506,merchant-02323,ferreteria,0.878752,21968.8
tx-000001507,merchant-04969,restaurante,0.21816,5454.01
tx-000001508,merchant-01398,ropa,0.867568,21689.19
tx-000001509,merchant-04923,farmacia,0.830703,20767.57
tx-000001510,merchant-01490,otros,0.795027,19875.67
tx-000001511,merchant-02167,farmacia,0.66033,16508.24
tx-000001512,merchant-02808,restaurante,0.724738,18118.46
tx-000001513,merchant-00564,ropa,0.59734,14933.51
tx-000001514,merchant-01084,ferreteria,0.379455,9486.37
tx-000001515,merchant-04283,colmado,0.01853,463.24
tx-000001516,merchant-01226,otros,0.684999,17124.98
tx-000001517,merchant-03899,otros,0.098106,2452.65
tx-000001518,merchant-04354,colmado,0.600614,15015.35
tx-000001519,merchant-00764,restaurante,0.752878,18821.96
tx-000001520,merchant-04944,colmado,0.660074,16501.85
tx-000001521,merchant-03535,colmado,0.827867,20696.67
tx-000001522,merchant-00356,colmado,0.421843,10546.07
tx-000001523,merchant-03950,transporte,0.430098,10752.46
tx-000001524,merchant-04720,ferreteria,0.351817,8795.42
tx-000001525,merchant-02086,restaurante,0.426638,10665.96
tx-000001526,merchant-00687,electronica,0.766327,19158.18
tx-000001527,merchant-04455,transporte,0.599096,14977.39
tx-000001528,merchant-00045,alimentos,0.259289,6482.23
tx-000001529,merchant-00966,colmado,0.578831,14470.78
tx-000001530,merchant-01683,servicios,0.00918,229.49
tx-000001531,merchant-00874,farmacia,0.410027,10250.68
tx-000001532,merchant-04796,electronica,0.42722,10680.49
tx-000001533,merchant-04392,transporte,0.26278,6569.51
tx-000001534,merchant-02258,transporte,0.565541,14138.52
tx-000001535,merchant-03386,colmado,0.755462,18886.55
tx-000001536,merchant-03953,farmacia,0.784221,19605.52
tx-000001537,merchant-04546,restaurante,0.371472,9286.81
tx-000001538,merchant-02513,otros,0.25527,6381.75
tx-000001539,merchant-03262,farmacia,0.345668,8641.69
tx-000001540,merchant-00976,ropa,0.855289,21382.22
tx-000001541,merchant-01326,ferreteria,0.447702,11192.54
tx-000001542,merchant-03282,servicios,0.216029,5400.73
tx-000001543,merchant-00427,farmacia,0.801252,20031.3
tx-000001544,merchant-00044,ferreteria,0.390326,9758.14
tx-000001545,merchant-03864,otros,0.823609,20590.22
tx-000001546,merchant-00525,electronica,0.436507,10912.67
tx-000001547,merchant-00656,otros,0.223327,5583.17
tx-000001548,merchant-03149,transporte,0.03968,992.0
tx-000001549,merchant-04269,electronica,0.614738,15368.44
tx-000001550,merchant-04895,alimentos,0.712183,17804.57
tx-000001551,merchant-01436,restaurante,0.945824,23645.61
tx-000001552,merchant-01653,colmado,0.440094,11002.35
tx-000001553,merchant-00276,otros,0.287434,7185.86
tx-000001554,merchant-01898,otros,0.511527,12788.17
tx-000001555,merchant-00296,servicios,0.171144,4278.6
tx-000001556,merchant-00003,farmacia,0.240778,6019.45
tx-000001557,merchant-02261,transporte,0.088669,2216.73
tx-000001558,merchant-03238,transporte,0.354422,8860.54
tx-000001559,merchant-04242,alimentos,0.586908,14672.7
tx-000001560,merchant-00563,ferreteria,0.737452,18436.29
tx-000001561,merchant-04581,otros,0.550494,13762.34
tx-000001562,merchant-02266,ropa,0.349399,8734.98
tx-000001563,merchant-01594,restaurante,0.607151,15178.77
tx-000001564,merchant-04710,alimentos,0.929854,23246.36
tx-000001565,merchant-03336,colmado,0.262585,6564.63
tx-000001566,merchant-00593,colmado,0.108252,2706.3
tx-000001567,merchant-00959,colmado,0.295663,7391.58
tx-000001568,merchant-04407,otros,0.956796,23919.9
tx-000001569,merchant-03628,transporte,0.251641,6291.03
tx-000001570,merchant-01993,servicios,0.564042,14101.06
tx-000001571,merchant-03759,restaurante,0.961316,24032.91
tx-000001572,merchant-00225,restaurante,0.896731,22418.27
tx-000001573,merchant-00554,transporte,0.118036,2950.89
tx-000001574,merchant-01806,ropa,0.634394,15859.86
tx-000001575,merchant-03379,servicios,0.800561,20014.03
tx-000001576,merchant-00080,electronica,0.517471,12936.78
tx-000001577,merchant-00762,transporte,0.249761,6244.03
tx-000001578,merchant-02802,ferreteria,0.67435,16858.76
tx-000001579,merchant-01463,restaurante,0.555442,13886.06
tx-000001580,merchant-01791,otros,0.315245,7881.13
tx-000001581,merchant-01558,restaurante,0.270538,6763.44
tx-000001582,merchant-01924,ropa,0.737638,18440.95
tx-000001583,merchant-01694,ropa,0.872997,21824.93
tx-000001584,merchant-02046,otros,0.204361,5109.03
tx-000001585,merchant-00874,ferreteria,0.357315,8932.88
tx-000001586,merchant-04036,otros,0.920348,23008.69
tx-000001587,merchant-04436,alimentos,0.00861,215.26
tx-000001588,merchant-03041,otros,0.848314,21207.86
tx-000001589,merchant-04707,electronica,0.316786,7919.65
tx-000001590,merchant-04188,electronica,0.491824,12295.59
tx-000001591,merchant-04725,farmacia,0.399084,9977.09
tx-000001592,merchant-03467,restaurante,0.05604,1401.0
tx-000001593,merchant-00267,colmado,0.939775,23494.38
tx-000001594,merchant-01432,restaurante,0.348594,8714.86
tx-000001595,merchant-04246,restaurante,0.976554,24413.85
tx-000001596,merchant-00069,alimentos,0.31702,7925.5
tx-000001597,merchant-03109,otros,0.674755,16868.87
tx-000001598,merchant-02963,otros,0.102546,2563.66
tx-000001599,merchant-01534,colmado,0.862118,21552.96
tx-000001600,merchant-02207,restaurante,0.264323,6608.08
tx-000001601,merchant-02811,servicios,0.95861,23965.24
tx-000001602,merchant-03473,ropa,0.185546,4638.65
tx-000001603,merchant-03050,servicios,0.420255,10506.37
tx-000001604,merchant-02291,restaurante,0.854618,21365.44
tx-000001605,merchant-01075,otros,0.18153,4538.24
tx-000001606,merchant-00819,electronica,0.68664,17166.0
tx-000001607,merchant-04550,transporte,0.80448,20111.99
tx-000001608,merchant-01607,farmacia,0.856596,21414.9
tx-000001609,merchant-01226,restaurante,0.800437,20010.93
tx-000001610,merchant-01447,transporte,0.806057,20151.43
tx-000001611,merchant-04236,colmado,0.500599,12514.97
tx-000001612,merchant-03987,electronica,0.721119,18027.98
tx-000001613,merchant-04652,alimentos,0.252472,6311.8
tx-000001614,merchant-01339,alimentos,0.399605,9990.13
tx-000001615,merchant-02084,restaurante,0.217036,5425.91
tx-000001616,merchant-00789,restaurante,0.839294,20982.34
tx-000001617,merchant-02129,servicios,0.745104,18627.6
tx-000001618,merchant-04567,electronica,0.361586,9039.65
tx-000001619,merchant-03374,ferreteria,0.345452,8636.3
tx-000001620,merchant-04961,ropa,0.352388,8809.71
tx-000001621,merchant-04411,farmacia,0.5777,14442.5
tx-000001622,merchant-02332,servicios,0.979414,24485.36
tx-000001623,merchant-04182,restaurante,0.32644,8161.0
tx-000001624,merchant-03662,ferreteria,0.775195,19379.87
tx-000001625,merchant-02348,restaurante,0.382309,9557.72
tx-000001626,merchant-01187,farmacia,0.632449,15811.22
tx-000001627,merchant-02764,transporte,0.6413,16032.49
tx-000001628,merchant-04683,transporte,0.632011,15800.27
tx-000001629,merchant-00585,ferreteria,0.849203,21230.07
tx-000001630,merchant-01870,servicios,0.163676,4091.89
tx-000001631,merchant-02387,electronica,0.318244,7956.11
tx-000001632,merchant-03240,electronica,0.606174,15154.36
tx-000001633,merchant-02976,otros,0.887916,22197.91
tx-000001634,merchant-03689,transporte,0.521894,13047.35
tx-000001635,merchant-00190,farmacia,0.168984,4224.59
tx-000001636,merchant-02062,ferreteria,0.728317,18207.92
tx-000001637,merchant-03253,ferreteria,0.21215,5303.76
tx-000001638,merchant-03877,colmado,0.097363,2434.07
tx-000001639,merchant-03253,colmado,0.055718,1392.94
tx-000001640,merchant-00682,ferreteria,0.765466,19136.66
tx-000001641,merchant-01273,ferreteria,0.263927,6598.18
tx-000001642,merchant-03194,electronica,0.655523,16388.08
tx-000001643,merchant-02328,restaurante,0.230897,5772.43
tx-000001644,merchant-01076,colmado,0.627228,15680.69
tx-000001645,merchant-00235,alimentos,0.838841,20971.02
tx-000001646,merchant-02665,restaurante,0.664222,16605.55
tx-000001647,merchant-04429,electronica,0.468259,11706.48
tx-000001648,merchant-01107,colmado,0.549448,13736.2
tx-000001649,merchant-04896,restaurante,0.178682,4467.06
tx-000001650,merchant-04621,transporte,0.631786,15794.64
tx-000001651,merchant-04373,electronica,0.524413,13110.32
tx-000001652,merchant-03946,colmado,0.909105,22727.63
tx-000001653,merchant-00734,restaurante,0.228674,5716.85
tx-000001654,merchant-03377,electronica,0.309252,7731.31
tx-000001655,merchant-00087,alimentos,0.157406,3935.15
tx-000001656,merchant-01117,servicios,0.52427,13106.74
tx-000001657,merchant-04384,alimentos,0.288189,7204.72
tx-000001658,merchant-04030,restaurante,0.688394,17209.86
tx-000001659,merchant-03527,electronica,0.301011,7525.28
tx-000001660,merchant-00060,colmado,0.59781,14945.24
tx-000001661,merchant-03373,colmado,0.374896,9372.41
tx-000001662,merchant-02048,farmacia,0.438232,10955.8
tx-000001663,merchant-03193,transporte,0.715508,17887.7
tx-000001664,merchant-00649,transporte,0.222151,5553.78
tx-000001665,merchant-04233,otros,0.626072,15651.81
tx-000001666,merchant-02228,electronica,0.80796,20198.99
tx-000001667,merchant-04358,electronica,0.64916,16229.0
tx-000001668,merchant-00561,farmacia,0.414078,10351.95
tx-000001669,merchant-00905,restaurante,0.138351,3458.77
tx-000001670,merchant-02230,otros,0.618494,15462.35
tx-000001671,merchant-02627,alimentos,0.493012,12325.3
tx-000001672,merchant-04383,alimentos,0.153845,3846.13
tx-000001673,merchant-00838,electronica,0.187566,4689.14
tx-000001674,merchant-03592,alimentos,0.270657,6766.42
tx-000001675,merchant-01235,alimentos,0.234345,5858.62
tx-000001676,merchant-02801,transporte,0.494592,12364.81
tx-000001677,merchant-04083,servicios,0.312954,7823.84
tx-000001678,merchant-00260,servicios,0.464757,11618.93
tx-000001679,merchant-01197,alimentos,0.082063,2051.57
tx-000001680,merchant-03215,ferreteria,0.26797,6699.26
tx-000001681,merchant-01488,ropa,0.544106,13602.64
tx-000001682,merchant-02049,transporte,0.895908,22397.69
tx-000001683,merchant-01000,ropa,0.828596,20714.89
tx-000001684,merchant-03629,ropa,0.386028,9650.71
tx-000001685,merchant-00275,ropa,0.738144,18453.59
tx-000001686,merchant-00770,colmado,0.461913,11547.82
tx-000001687,merchant-01708,restaurante,0.666676,16666.9
tx-000001688,merchant-02557,servicios,0.390345,9758.62
tx-000001689,merchant-00346,colmado,0.160294,4007.36
tx-000001690,merchant-02076,restaurante,0.521884,13047.11
tx-000001691,merchant-01628,servicios,0.639243,15981.07
tx-000001692,merchant-01785,ferreteria,0.887744,22193.61
tx-000001693,merchant-03557,servicios,0.237494,5937.35
tx-000001694,merchant-02262,otros,0.017038,425.94
tx-000001695,merchant-01992,alimentos,0.12141,3035.26
tx-000001696,merchant-04761,restaurante,0.968897,24222.43
tx-000001697,merchant-01270,servicios,0.68903,17225.74
tx-000001698,merchant-02038,farmacia,0.771256,19281.39
tx-000001699,merchant-02773,alimentos,0.500919,12522.98
tx-000001700,merchant-01261,colmado,0.061656,1541.39
tx-000001701,merchant-01031,restaurante,0.791883,19797.08
tx-000001702,merchant-04575,servicios,0.234209,5855.23
tx-000001703,merchant-03594,ropa,0.805914,20147.86
tx-000001704,merchant-03095,servicios,0.02331,582.75
tx-000001705,merchant-02054,alimentos,0.72495,18123.76
tx-000001706,merchant-03585,colmado,0.486332,12158.29
tx-000001707,merchant-04015,ropa,0.296125,7403.13
tx-000001708,merchant-04454,servicios,0.567568,14189.21
tx-000001709,merchant-03838,electronica,0.325034,8125.84
tx-000001710,merchant-04905,colmado,0.867926,21698.16
tx-000001711,merchant-04352,farmacia,0.162023,4050.57
tx-000001712,merchant-02158,colmado,0.450486,11262.14
tx-000001713,merchant-00006,colmado,0.368378,9209.46
tx-000001714,merchant-01520,alimentos,0.380286,9507.14
tx-000001715,merchant-02983,otros,0.620495,15512.38
tx-000001716,merchant-00519,colmado,0.240309,6007.72
tx-000001717,merchant-01556,colmado,0.819412,20485.29
tx-000001718,merchant-04518,farmacia,0.683858,17096.44
tx-000001719,merchant-02643,transporte,0.613813,15345.33
tx-000001720,merchant-00905,ferreteria,0.641622,16040.55
tx-000001721,merchant-00547,alimentos,0.524154,13103.85
tx-000001722,merchant-01064,farmacia,0.835523,20888.07
tx-000001723,merchant-01656,ferreteria,0.873746,21843.64
tx-000001724,merchant-00809,alimentos,0.4864,12159.99
tx-000001725,merchant-03184,restaurante,0.57187,14296.75
tx-000001726,merchant-04836,electronica,0.52677,13169.24
tx-000001727,merchant-01809,otros,0.050988,1274.69
tx-000001728,merchant-00108,ropa,0.71841,17960.24
tx-000001729,merchant-00656,restaurante,0.656438,16410.95
tx-000001730,merchant-00498,servicios,0.801418,20035.45
tx-000001731,merchant-03408,servicios,0.558904,13972.6
tx-000001732,merchant-00478,otros,0.794661,19866.53
tx-000001733,merchant-00334,ferreteria,0.267284,6682.1
tx-000001734,merchant-00639,ropa,0.834788,20869.69
tx-000001735,merchant-00796,ferreteria,0.960666,24016.64
tx-000001736,merchant-04356,transporte,0.725722,18143.04
tx-000001737,merchant-04311,ropa,0.191082,4777.04
tx-000001738,merchant-01466,colmado,0.570888,14272.19
tx-000001739,merchant-03402,ferreteria,0.749696,18742.4
tx-000001740,merchant-04724,servicios,0.766751,19168.77
tx-000001741,merchant-03499,ferreteria,0.675144,16878.59
tx-000001742,merchant-01478,colmado,0.168476,4211.89
tx-000001743,merchant-02765,farmacia,0.402754,10068.85
tx-000001744,merchant-04915,restaurante,0.534833,13370.82
tx-000001745,merchant-02582,colmado,0.933653,23341.32
tx-000001746,merchant-02660,servicios,0.99148,24787.0
tx-000001747,merchant-03528,servicios,0.413519,10337.97
tx-000001748,merchant-04614,colmado,0.609196,15229.91
tx-000001749,merchant-04508,electronica,0.2155,5387.51
tx-000001750,merchant-03707,restaurante,0.361288,9032.21
tx-000001751,merchant-00002,alimentos,0.959905,23997.62
tx-000001752,merchant-04881,alimentos,0.98299,24574.76
tx-000001753,merchant-02473,alimentos,0.518574,12964.35
tx-000001754,merchant-01818,ropa,0.301733,7543.33
tx-000001755,merchant-00178,electronica,0.856009,21400.22
tx-000001756,merchant-04189,colmado,0.919274,22981.85
tx-000001757,merchant-04683,farmacia,0.571527,14288.17
tx-000001758,merchant-03772,servicios,0.096098,2402.46
tx-000001759,merchant-02171,servicios,0.157795,3944.87
tx-000001760,merchant-02047,ropa,0.889846,22246.15
tx-000001761,merchant-02461,ferreteria,0.257731,6443.28
tx-000001762,merchant-04662,ropa,0.571346,14283.65
tx-000001763,merchant-02660,restaurante,0.734798,18369.94
tx-000001764,merchant-04721,ferreteria,0.174557,4363.92
tx-000001765,merchant-02461,alimentos,0.596041,14901.02
tx-000001766,merchant-04721,transporte,0.731328,18283.19
tx-000001767,merchant-00459,servicios,0.08032,2008.01
tx-000001768,merchant-03558,transporte,0.349234,8730.86
tx-000001769,merchant-00988,ropa,0.930386,23259.64
tx-000001770,merchant-04935,alimentos,0.748183,18704.58
tx-000001771,merchant-03134,alimentos,0.634619,15865.48
tx-000001772,merchant-00338,servicios,0.306174,7654.35
tx-000001773,merchant-01226,servicios,0.54085,13521.25
tx-000001774,merchant-01809,farmacia,0.503397,12584.92
tx-000001775,merchant-03219,restaurante,0.052419,1310.47
tx-000001776,merchant-04713,colmado,0.753334,18833.36
tx-000001777,merchant-03539,electronica,0.091903,2297.57
tx-000001778,merchant-01213,farmacia,0.786796,19669.89
tx-000001779,merchant-03899,otros,0.337496,8437.4
tx-000001780,merchant-04491,transporte,0.745824,18645.61
tx-000001781,merchant-03265,colmado,0.264033,6600.82
tx-000001782,merchant-01069,farmacia,0.435622,10890.55
tx-000001783,merchant-01623,restaurante,0.481961,12049.02
tx-000001784,merchant-04681,ropa,0.396528,9913.2
tx-000001785,merchant-04295,ropa,0.562045,14051.13
tx-000001786,merchant-02182,transporte,0.24383,6095.76
tx-000001787,merchant-04719,ferreteria,0.324765,8119.12
tx-000001788,merchant-03389,transporte,0.114305,2857.62
tx-000001789,merchant-01561,servicios,0.366537,9163.43
tx-000001790,merchant-00199,electronica,0.345836,8645.9
tx-000001791,merchant-02865,otros,0.170917,4272.92
tx-000001792,merchant-03623,otros,0.821941,20548.52
tx-000001793,merchant-00368,ropa,0.147527,3688.17
tx-000001794,merchant-03063,farmacia,0.201286,5032.15
tx-000001795,merchant-00703,ferreteria,0.758218,18955.46
tx-000001796,merchant-01992,otros,0.740102,18502.56
tx-000001797,merchant-02357,alimentos,0.926876,23171.91
tx-000001798,merchant-00912,electronica,0.344585,8614.62
tx-000001799,merchant-00187,servicios,0.451162,11279.04
tx-000001800,merchant-04408,ropa,0.210592,5264.79
tx-000001801,merchant-04287,electronica,0.205394,5134.84
tx-000001802,merchant-01158,alimentos,0.549702,13742.56
tx-000001803,merchant-04316,alimentos,0.377854,9446.34
tx-000001804,merchant-00493,electronica,0.256946,6423.64
tx-000001805,merchant-02223,alimentos,0.202295,5057.37
tx-000001806,merchant-00069,ferreteria,0.466031,11650.77
tx-000001807,merchant-02223,servicios,0.389868,9746.7
tx-000001808,merchant-00157,electronica,0.864554,21613.84
tx-000001809,merchant-03167,ropa,0.867676,21691.89
tx-000001810,merchant-04166,ferreteria,0.979833,24495.83
tx-000001811,merchant-03971,otros,0.904064,22601.61
tx-000001812,merchant-01528,ropa,0.532498,13312.44
tx-000001813,merchant-03752,colmado,0.50165,12541.24
tx-000001814,merchant-00177,alimentos,0.926497,23162.43
tx-000001815,merchant-04337,electronica,0.248897,6222.43
tx-000001816,merchant-03223,farmacia,0.334902,8372.56
tx-000001817,merchant-02883,servicios,0.020336,508.39
tx-000001818,merchant-01935,colmado,0.62598,15649.51
tx-000001819,merchant-00508,electronica,0.277326,6933.16
tx-000001820,merchant-00242,colmado,0.87892,21973.0
tx-000001821,merchant-01848,farmacia,0.949218,23730.45
tx-000001822,merchant-03219,farmacia,0.343102,8577.56
tx-000001823,merchant-03132,colmado,0.08962,2240.49
tx-000001824,merchant-01864,transporte,0.960684,24017.11
tx-000001825,merchant-01252,transporte,0.24188,6047.0
tx-000001826,merchant-04960,servicios,0.970596,24264.9
tx-000001827,merchant-01080,ropa,0.450271,11256.77
tx-000001828,merchant-04760,colmado,0.653168,16329.19
tx-000001829,merchant-01658,farmacia,0.68468,17117.01
tx-000001830,merchant-04292,farmacia,0.31038,7759.51
tx-000001831,merchant-01190,otros,0.431204,10780.1
tx-000001832,merchant-02601,ferreteria,0.917278,22931.95
tx-000001833,merchant-00970,farmacia,0.558226,13955.64
tx-000001834,merchant-01193,alimentos,0.318962,7974.06
tx-000001835,merchant-03392,transporte,0.765904,19147.6
tx-000001836,merchant-02243,farmacia,0.304742,7618.54
tx-000001837,merchant-00875,farmacia,0.77955,19488.74
tx-000001838,merchant-02187,otros,0.186377,4659.43
tx-000001839,merchant-01892,otros,0.567909,14197.73
tx-000001840,merchant-00214,servicios,0.233718,5842.95
tx-000001841,merchant-03905,farmacia,0.081316,2032.91
tx-000001842,merchant-04954,restaurante,0.50332,12583.0
tx-000001843,merchant-03064,farmacia,0.712595,17814.88
tx-000001844,merchant-04026,restaurante,0.852425,21310.63
tx-000001845,merchant-01584,ropa,0.139238,3480.94
tx-000001846,merchant-00123,electronica,0.034165,854.13
tx-000001847,merchant-01824,ropa,0.950298,23757.44
tx-000001848,merchant-00542,farmacia,0.758261,18956.53
tx-000001849,merchant-03599,otros,0.927249,23181.22
tx-000001850,merchant-02662,restaurante,0.490963,12274.08
tx-000001851,merchant-03503,transporte,0.887812,22195.29
tx-000001852,merchant-04981,transporte,0.776662,19416.56
tx-000001853,merchant-03229,otros,0.72076,18019.01
tx-000001854,merchant-04686,otros,0.939261,23481.52
tx-000001855,merchant-00316,colmado,0.537087,13427.18
tx-000001856,merchant-03743,alimentos,0.111098,2777.44
tx-000001857,merchant-02013,colmado,0.878024,21950.61
tx-000001858,merchant-00322,colmado,0.538794,13469.84
tx-000001859,merchant-00404,ropa,0.388623,9715.58
tx-000001860,merchant-03261,electronica,0.292597,7314.93
tx-000001861,merchant-02343,restaurante,0.77413,19353.24
tx-000001862,merchant-02412,otros,0.168154,4203.84
tx-000001863,merchant-04236,farmacia,0.919195,22979.87
tx-000001864,merchant-03701,ferreteria,0.464652,11616.29
tx-000001865,merchant-00928,farmacia,0.723202,18080.04
tx-000001866,merchant-04477,farmacia,0.779174,19479.34
tx-000001867,merchant-02650,restaurante,0.39428,9857.01
tx-000001868,merchant-03717,otros,0.026862,671.56
tx-000001869,merchant-01655,restaurante,0.896824,22420.61
tx-000001870,merchant-02655,farmacia,0.091999,2299.98
tx-000001871,merchant-01013,ferreteria,0.718938,17973.45
tx-000001872,merchant-03682,servicios,0.115937,2898.42
tx-000001873,merchant-03147,colmado,0.087136,2178.4
tx-000001874,merchant-01310,transporte,0.612848,15321.21
tx-000001875,merchant-00360,farmacia,0.551245,13781.13
tx-000001876,merchant-04633,farmacia,0.912428,22810.71
tx-000001877,merchant-01185,farmacia,0.1638,4095.0
tx-000001878,merchant-00421,transporte,0.769618,19240.46
tx-000001879,merchant-03656,electronica,0.309446,7736.15
tx-000001880,merchant-00964,farmacia,0.6272,15680.0
tx-000001881,merchant-00029,otros,0.960513,24012.83
tx-000001882,merchant-00101,restaurante,0.765865,19146.63
tx-000001883,merchant-04085,colmado,0.498632,12465.81
tx-000001884,merchant-04981,restaurante,0.80784,20195.99
tx-000001885,merchant-04824,restaurante,0.239402,5985.06
tx-000001886,merchant-03620,ferreteria,0.454831,11370.78
tx-000001887,merchant-00054,ropa,0.602014,15050.35
tx-000001888,merchant-02279,otros,0.882404,22060.09
tx-000001889,merchant-01701,alimentos,0.629378,15734.45
tx-000001890,merchant-00452,servicios,0.18647,4661.76
tx-000001891,merchant-00266,otros,0.038648,966.19
tx-000001892,merchant-02445,servicios,0.838338,20958.46
tx-000001893,merchant-00402,ferreteria,0.920544,23013.6
tx-000001894,merchant-01461,farmacia,0.418123,10453.08
tx-000001895,merchant-04874,otros,0.672746,16818.66
tx-000001896,merchant-01454,restaurante,0.787733,19693.32
tx-000001897,merchant-02951,alimentos,0.749836,18745.9
tx-000001898,merchant-02452,servicios,0.09494,2373.5
tx-000001899,merchant-03105,ferreteria,0.369832,9245.81
tx-000001900,merchant-04510,ferreteria,0.758925,18973.13
tx-000001901,merchant-01103,ferreteria,0.294247,7356.18
tx-000001902,merchant-02249,servicios,0.69523,17380.75
tx-000001903,merchant-04298,ropa,0.527999,13199.97
tx-000001904,merchant-00477,ferreteria,0.696438,17410.95
tx-000001905,merchant-04334,ferreteria,0.572224,14305.61
tx-000001906,merchant-04955,electronica,0.484696,12117.39
tx-000001907,merchant-02593,electronica,0.4282,10704.99
tx-000001908,merchant-02899,farmacia,0.52634,13158.51
tx-000001909,merchant-04067,colmado,0.615062,15376.54
tx-000001910,merchant-04078,restaurante,0.729726,18243.16
tx-000001911,merchant-04993,ropa,0.808364,20209.11
tx-000001912,merchant-01586,alimentos,0.70917,17729.25
tx-000001913,merchant-03809,ferreteria,0.119971,2999.27
tx-000001914,merchant-01699,otros,0.737994,18449.84
tx-000001915,merchant-03392,alimentos,0.998989,24974.73
tx-000001916,merchant-04591,ropa,0.335125,8378.12
tx-000001917,merchant-01649,electronica,0.013275,331.87
tx-000001918,merchant-00556,electronica,0.255909,6397.72
tx-000001919,merchant-04506,servicios,0.301684,7542.09
tx-000001920,merchant-00933,servicios,0.767498,19187.46
tx-000001921,merchant-04661,otros,0.342679,8566.97
tx-000001922,merchant-01439,ropa,0.960192,24004.81
tx-000001923,merchant-02769,restaurante,0.331854,8296.35
tx-000001924,merchant-00292,farmacia,0.916331,22908.27
tx-000001925,merchant-03774,colmado,0.482532,12063.31
tx-000001926,merchant-03789,transporte,0.896137,22403.42
tx-000001927,merchant-00459,colmado,0.927934,23198.36
tx-000001928,merchant-02585,colmado,0.300745,7518.63
tx-000001929,merchant-01707,otros,0.536814,13420.34
tx-000001930,merchant-02897,ferreteria,0.686122,17153.06
tx-000001931,merchant-02298,alimentos,0.969674,24241.85
tx-000001932,merchant-03074,colmado,0.340474,8511.85
tx-000001933,merchant-04678,otros,0.842721,21068.02
tx-000001934,merchant-04876,ferreteria,0.390787,9769.68
tx-000001935,merchant-02526,servicios,0.864864,21621.61
tx-000001936,merchant-02225,transporte,0.71042,17760.51
tx-000001937,merchant-01947,servicios,0.088624,2215.6
tx-000001938,merchant-02480,ropa,0.453002,11325.06
tx-000001939,merchant-01434,ferreteria,0.52605,13151.26
tx-000001940,merchant-00307,ropa,0.375467,9386.68
tx-000001941,merchant-03636,colmado,0.913527,22838.18
tx-000001942,merchant-03954,colmado,0.026885,672.12
tx-000001943,merchant-02787,restaurante,0.15577,3894.24
tx-000001944,merchant-04290,electronica,0.732976,18324.4
tx-000001945,merchant-01174,ferreteria,0.775982,19399.55
tx-000001946,merchant-04229,farmacia,0.822494,20562.36
tx-000001947,merchant-00300,restaurante,0.206777,5169.42
tx-000001948,merchant-04280,ferreteria,0.388813,9720.33
tx-000001949,merchant-00361,otros,0.006102,152.54
tx-000001950,merchant-02731,restaurante,0.872131,21803.28
tx-000001951,merchant-00845,colmado,0.889408,22235.19
tx-000001952,merchant-02560,alimentos,0.766648,19166.2
tx-000001953,merchant-02558,ropa,0.578405,14460.12
tx-000001954,merchant-01578,electronica,0.322239,8055.97
tx-000001955,merchant-02615,restaurante,0.278096,6952.41
tx-000001956,merchant-02234,farmacia,0.671782,16794.54
tx-000001957,merchant-00938,alimentos,0.159181,3979.53
tx-000001958,merchant-04585,colmado,0.958382,23959.54
tx-000001959,merchant-04445,servicios,0.10417,2604.26
tx-000001960,merchant-02221,farmacia,0.550267,13756.67
tx-000001961,merchant-02321,otros,0.943391,23584.78
tx-000001962,merchant-00584,electronica,0.246336,6158.39
tx-000001963,merchant-02775,colmado,0.614036,15350.91
tx-000001964,merchant-01066,alimentos,0.44476,11119.01
tx-000001965,merchant-00414,ferreteria,0.471794,11794.85
tx-000001966,merchant-00706,transporte,0.384832,9620.81
tx-000001967,merchant-04884,otros,0.393133,9828.32
tx-000001968,merchant-03653,otros,0.630212,15755.29
tx-000001969,merchant-02723,ropa,0.356913,8922.83
tx-000001970,merchant-04371,ferreteria,0.713473,17836.82
tx-000001971,merchant-03815,otros,0.973734,24343.36
tx-000001972,merchant-03837,ferreteria,0.133532,3338.29
tx-000001973,merchant-03813,restaurante,0.456673,11416.83
tx-000001974,merchant-01834,farmacia,0.233231,5830.77
tx-000001975,merchant-02114,servicios,0.861374,21534.35
tx-000001976,merchant-02707,servicios,0.393293,9832.32
tx-000001977,merchant-00248,ferreteria,0.454376,11359.41
tx-000001978,merchant-02880,restaurante,0.476384,11909.59
tx-000001979,merchant-01400,electronica,0.462319,11557.98
tx-000001980,merchant-04952,otros,0.768406,19210.14
tx-000001981,merchant-00844,transporte,0.129139,3228.48
tx-000001982,merchant-00877,servicios,0.817918,20447.94
tx-000001983,merchant-00582,electronica,0.557038,13925.94
tx-000001984,merchant-03284,otros,0.53368,13342.0
tx-000001985,merchant-01997,colmado,0.414615,10365.38
tx-000001986,merchant-03952,transporte,0.160702,4017.56
tx-000001987,merchant-01706,otros,0.067928,1698.2
tx-000001988,merchant-03567,otros,0.432286,10807.16
tx-000001989,merchant-04461,ropa,0.787752,19693.8
tx-000001990,merchant-00639,otros,0.174739,4368.48
tx-000001991,merchant-00937,otros,0.837075,20926.87
tx-000001992,merchant-02666,colmado,0.596883,14922.08
tx-000001993,merchant-03648,farmacia,0.099459,2486.47
tx-000001994,merchant-03325,ferreteria,0.30942,7735.49
tx-000001995,merchant-04886,transporte,0.599063,14976.57
tx-000001996,merchant-00504,ferreteria,0.328754,8218.84
tx-000001997,merchant-01139,otros,0.219176,5479.41
tx-000001998,merchant-00002,farmacia,0.90345,22586.24
tx-000001999,merchant-03711,colmado,0.66156,16538.99
tx-000002000,merchant-04735,restaurante,0.29292,7323.01
tx-000002001,merchant-02594,electronica,0.197275,4931.88
tx-000002002,merchant-02495,transporte,0.571136,14278.4
tx-000002003,merchant-02821,ferreteria,0.718356,17958.89
tx-000002004,merchant-04182,transporte,0.583562,14589.04
tx-000002005,merchant-02410,alimentos,0.847942,21198.54
tx-000002006,merchant-04497,alimentos,0.370484,9262.11
tx-000002007,merchant-04588,servicios,0.002842,71.04
tx-000002008,merchant-02312,alimentos,0.111479,2786.97
tx-000002009,merchant-04835,transporte,0.236771,5919.27
tx-000002010,merchant-03136,transporte,0.625964,15649.1
tx-000002011,merchant-04466,ropa,0.382802,9570.05
tx-000002012,merchant-03891,farmacia,0.663162,16579.06
tx-000002013,merchant-03151,servicios,0.18985,4746.26
tx-000002014,merchant-01264,electronica,0.840283,21007.07
tx-000002015,merchant-01029,farmacia,0.997461,24936.53
tx-000002016,merchant-00129,farmacia,0.01358,339.49
tx-000002017,merchant-03988,transporte,0.721896,18047.41
tx-000002018,merchant-01113,ferreteria,0.975025,24375.63
tx-000002019,merchant-03407,restaurante,0.138946,3473.65
tx-000002020,merchant-04952,transporte,0.893795,22344.88
tx-000002021,merchant-03723,colmado,0.624002,15600.05
tx-000002022,merchant-03687,transporte,0.425276,10631.91
tx-000002023,merchant-01523,transporte,0.356597,8914.92
tx-000002024,merchant-04735,restaurante,0.605364,15134.1
tx-000002025,merchant-01940,colmado,0.84711,21177.76
tx-000002026,merchant-04475,otros,0.270712,6767.8
tx-000002027,merchant-00311,otros,0.368236,9205.9
tx-000002028,merchant-03020,ferreteria,0.484302,12107.54
tx-000002029,merchant-00656,farmacia,0.581108,14527.71
tx-000002030,merchant-04313,electronica,0.730725,18268.13
tx-000002031,merchant-00641,colmado,0.466006,11650.16
tx-000002032,merchant-00725,ropa,0.890136,22253.39
tx-000002033,merchant-00640,colmado,0.473507,11837.67
tx-000002034,merchant-02560,otros,0.798502,19962.55
tx-000002035,merchant-02815,colmado,0.054669,1366.72
tx-000002036,merchant-03841,restaurante,0.77897,19474.25
tx-000002037,merchant-03844,otros,0.513638,12840.94
tx-000002038,merchant-03449,servicios,0.734347,18358.67
tx-000002039,merchant-02414,electronica,0.96066,24016.5
tx-000002040,merchant-04896,electronica,0.169173,4229.33
tx-000002041,merchant-04618,electronica,0.727518,18187.94
tx-000002042,merchant-03877,otros,0.063295,1582.37
tx-000002043,merchant-00423,electronica,0.170741,4268.53
tx-000002044,merchant-00224,electronica,0.809278,20231.95
tx-000002045,merchant-01039,colmado,0.485791,12144.77
tx-000002046,merchant-02277,electronica,0.078708,1967.71
tx-000002047,merchant-02302,electronica,0.134274,3356.84
tx-000002048,merchant-00117,ferreteria,0.858143,21453.57
tx-000002049,merchant-04848,farmacia,0.604614,15115.35
tx-000002050,merchant-03030,farmacia,0.659837,16495.93
tx-000002051,merchant-01935,restaurante,0.26273,6568.25
tx-000002052,merchant-04321,alimentos,0.182448,4561.19
tx-000002053,merchant-00692,farmacia,0.344162,8604.06
tx-000002054,merchant-01263,restaurante,0.596353,14908.83
tx-000002055,merchant-03383,transporte,0.753256,18831.39
tx-000002056,merchant-03606,farmacia,0.239472,5986.79
tx-000002057,merchant-02827,alimentos,0.212435,5310.88
tx-000002058,merchant-00951,alimentos,0.642976,16074.41
tx-000002059,merchant-03267,restaurante,0.169265,4231.63
tx-000002060,merchant-04363,ropa,0.302764,7569.11
tx-000002061,merchant-03196,restaurante,0.381041,9526.03
tx-000002062,merchant-04346,transporte,0.2641,6602.5
tx-000002063,merchant-03677,transporte,0.013839,345.98
tx-000002064,merchant-04344,alimentos,0.679136,16978.41
tx-000002065,merchant-04353,servicios,0.09917,2479.24
tx-000002066,merchant-03538,otros,0.956271,23906.78
tx-000002067,merchant-02234,servicios,0.918206,22955.15
tx-000002068,merchant-00806,electronica,0.271786,6794.64
tx-000002069,merchant-03205,restaurante,0.655034,16375.86
tx-000002070,merchant-01981,otros,0.773605,19340.12
tx-000002071,merchant-04260,servicios,0.770956,19273.91
tx-000002072,merchant-01474,servicios,0.678363,16959.07
tx-000002073,merchant-00070,ferreteria,0.548517,13712.93
tx-000002074,merchant-00801,colmado,0.013938,348.44
tx-000002075,merchant-03654,servicios,0.1057,2642.49
tx-000002076,merchant-02321,electronica,0.220978,5524.44
tx-000002077,merchant-00195,otros,0.194693,4867.33
tx-000002078,merchant-04868,ropa,0.093758,2343.94
tx-000002079,merchant-00998,ferreteria,0.950588,23764.7
tx-000002080,merchant-04954,farmacia,0.088214,2205.34
tx-000002081,merchant-04638,farmacia,0.377206,9430.16
tx-000002082,merchant-01510,electronica,0.89621,22405.24
tx-000002083,merchant-00621,restaurante,0.29598,7399.49
tx-000002084,merchant-02265,transporte,0.92285,23071.25
tx-000002085,merchant-02650,electronica,0.692837,17320.93
tx-000002086,merchant-00607,electronica,0.163642,4091.05
tx-000002087,merchant-03136,transporte,0.777552,19438.79
tx-000002088,merchant-00493,electronica,0.33399,8349.74
tx-000002089,merchant-02169,farmacia,0.955694,23892.36
tx-000002090,merchant-04029,ropa,0.441694,11042.34
tx-000002091,merchant-01462,restaurante,0.611081,15277.03
tx-000002092,merchant-04429,transporte,0.110214,2755.34
tx-000002093,merchant-00871,restaurante,0.21995,5498.74
tx-000002094,merchant-00847,alimentos,0.71597,17899.24
tx-000002095,merchant-04681,electronica,0.074774,1869.34
tx-000002096,merchant-00154,restaurante,0.777683,19442.07
tx-000002097,merchant-00008,alimentos,0.150556,3763.91
tx-000002098,merchant-02183,farmacia,0.665277,16631.92
tx-000002099,merchant-03206,otros,0.700655,17516.38
tx-000002100,merchant-04020,restaurante,0.005696,142.41
tx-000002101,merchant-00575,colmado,0.437186,10929.64
tx-000002102,merchant-03150,restaurante,0.227395,5684.88
tx-000002103,merchant-04386,servicios,0.122961,3074.03
tx-000002104,merchant-02481,transporte,0.334773,8369.32
tx-000002105,merchant-00743,servicios,0.057084,1427.11
tx-000002106,merchant-02786,ferreteria,0.535557,13388.93
tx-000002107,merchant-02376,ropa,0.841499,21037.48
tx-000002108,merchant-00323,transporte,0.178265,4456.63
tx-000002109,merchant-02449,transporte,0.661413,16535.32
tx-000002110,merchant-02944,restaurante,0.896668,22416.69
tx-000002111,merchant-03588,ropa,0.086693,2167.32
tx-000002112,merchant-01582,alimentos,0.141663,3541.58
tx-000002113,merchant-04858,ropa,0.7203,18007.49
tx-000002114,merchant-00517,colmado,0.490254,12256.35
tx-000002115,merchant-04094,colmado,0.644121,16103.02
tx-000002116,merchant-03681,alimentos,0.965024,24125.6
tx-000002117,merchant-00460,servicios,0.038968,974.21
tx-000002118,merchant-00351,transporte,0.788203,19705.07
tx-000002119,merchant-04286,restaurante,0.119951,2998.77
tx-000002120,merchant-04396,farmacia,0.94021,23505.24
tx-000002121,merchant-01909,ferreteria,0.741569,18539.23
tx-000002122,merchant-01160,restaurante,0.038804,970.1
tx-000002123,merchant-03861,otros,0.654524,16363.1
tx-000002124,merchant-01070,alimentos,0.04771,1192.75
tx-000002125,merchant-00410,electronica,0.173904,4347.61
tx-000002126,merchant-00798,restaurante,0.821098,20527.44
tx-000002127,merchant-04842,ferreteria,0.612004,15300.09
tx-000002128,merchant-00872,ferreteria,0.818164,20454.11
tx-000002129,merchant-01807,ferreteria,0.498149,12453.73
tx-000002130,merchant-03492,servicios,0.804845,20121.12
tx-000002131,merchant-03294,servicios,0.811898,20297.45
tx-000002132,merchant-04719,colmado,0.122561,3064.02
tx-000002133,merchant-01747,alimentos,0.139055,3476.37
tx-000002134,merchant-02749,ferreteria,0.593899,14847.48
tx-000002135,merchant-01158,transporte,0.122504,3062.6
tx-000002136,merchant-03031,colmado,0.169715,4242.87
tx-000002137,merchant-01996,otros,0.166676,4166.9
tx-000002138,merchant-00819,otros,0.042618,1065.44
tx-000002139,merchant-01293,alimentos,0.377379,9434.47
tx-000002140,merchant-00662,alimentos,0.879868,21996.69
tx-000002141,merchant-00731,otros,0.00921,230.24
tx-000002142,merchant-03410,restaurante,0.887141,22178.53
tx-000002143,merchant-01689,farmacia,0.692974,17324.34
tx-000002144,merchant-04286,restaurante,0.640546,16013.65
tx-000002145,merchant-01430,otros,0.413207,10330.18
tx-000002146,merchant-04885,farmacia,0.69229,17307.26
tx-000002147,merchant-00722,electronica,0.717764,17944.11
tx-000002148,merchant-00038,colmado,0.349158,8728.95
tx-000002149,merchant-00963,colmado,0.237168,5929.19
tx-000002150,merchant-02965,colmado,0.976838,24420.95
tx-000002151,merchant-03803,ropa,0.508526,12713.14
tx-000002152,merchant-01587,ferreteria,0.277874,6946.84
tx-000002153,merchant-03887,restaurante,0.79702,19925.49
tx-000002154,merchant-00354,alimentos,0.177971,4449.28
tx-000002155,merchant-02336,ropa,0.645571,16139.28
tx-000002156,merchant-02739,otros,0.435802,10895.06
tx-000002157,merchant-03713,alimentos,0.805543,20138.58
tx-000002158,merchant-00430,colmado,0.106212,2655.31
tx-000002159,merchant-00239,restaurante,0.177536,4438.4
tx-000002160,merchant-00581,ropa,0.515874,12896.85
tx-000002161,merchant-04856,otros,0.72196,18049.01
tx-000002162,merchant-01629,servicios,0.32732,8183.01
tx-000002163,merchant-00903,servicios,0.231603,5790.08
tx-000002164,merchant-01943,transporte,0.229326,5733.16
tx-000002165,merchant-03077,ropa,0.870146,21753.66
tx-000002166,merchant-04794,restaurante,0.075383,1884.57
tx-000002167,merchant-03571,farmacia,0.056231,1405.77
tx-000002168,merchant-04993,restaurante,0.217733,5443.32
tx-000002169,merchant-03060,farmacia,0.179705,4492.62
tx-000002170,merchant-01591,servicios,0.458825,11470.62
tx-000002171,merchant-01657,servicios,0.975605,24390.12
tx-000002172,merchant-04659,alimentos,0.128957,3223.93
tx-000002173,merchant-00911,restaurante,0.282043,7051.07
tx-000002174,merchant-01403,servicios,0.459662,11491.54
tx-000002175,merchant-02418,otros,0.221414,5535.35
tx-000002176,merchant-01393,otros,0.158474,3961.86
tx-000002177,merchant-01882,ferreteria,0.970196,24254.89
tx-000002178,merchant-04275,restaurante,0.412873,10321.82
tx-000002179,merchant-01774,otros,0.862475,21561.87
tx-000002180,merchant-03791,electronica,0.474542,11863.55
tx-000002181,merchant-03508,ropa,0.016475,411.87
tx-000002182,merchant-03558,otros,0.249336,6233.39
tx-000002183,merchant-04848,farmacia,0.223962,5599.04
tx-000002184,merchant-00042,transporte,0.913927,22848.18
tx-000002185,merchant-00329,restaurante,0.980224,24505.59
tx-000002186,merchant-04131,alimentos,0.734009,18350.23
tx-000002187,merchant-03231,restaurante,0.426846,10671.16
tx-000002188,merchant-00803,restaurante,0.810097,20252.43
tx-000002189,merchant-00681,colmado,0.496294,12407.36
tx-000002190,merchant-03332,ropa,0.753572,18839.31
tx-000002191,merchant-02424,ropa,0.134446,3361.16
tx-000002192,merchant-00744,alimentos,0.648345,16208.62
tx-000002193,merchant-02498,farmacia,0.480823,12020.58
tx-000002194,merchant-04673,otros,0.703898,17597.45
tx-000002195,merchant-03727,restaurante,0.026365,659.12
tx-000002196,merchant-03321,farmacia,0.772291,19307.28
tx-000002197,merchant-03035,restaurante,0.790279,19756.97
tx-000002198,merchant-00012,ferreteria,0.704494,17612.36
tx-000002199,merchant-02728,colmado,0.38611,9652.74
tx-000002200,merchant-03489,electronica,0.034649,866.22
tx-000002201,merchant-04444,otros,0.698659,17466.47
tx-000002202,merchant-00664,otros,0.79489,19872.24
tx-000002203,merchant-00450,colmado,0.881086,22027.14
tx-000002204,merchant-02982,alimentos,0.945432,23635.79
tx-000002205,merchant-02995,restaurante,0.112745,2818.62
tx-000002206,merchant-02995,servicios,0.619895,15497.38
tx-000002207,merchant-04578,ferreteria,0.176917,4422.92
tx-000002208,merchant-01678,farmacia,0.561637,14040.92
tx-000002209,merchant-01955,colmado,0.981289,24532.23
tx-000002210,merchant-03920,otros,0.11533,2883.26
tx-000002211,merchant-01719,ropa,0.871389,21784.73
tx-000002212,merchant-02191,colmado,0.321823,8045.57
tx-000002213,merchant-02271,alimentos,0.680866,17021.66
tx-000002214,merchant-02829,restaurante,0.065242,1631.06
tx-000002215,merchant-04315,ferreteria,0.487254,12181.36
tx-000002216,merchant-04358,colmado,0.471224,11780.59
tx-000002217,merchant-03703,otros,0.899652,22491.31
tx-000002218,merchant-00538,ropa,0.36941,9235.24
tx-000002219,merchant-03751,ferreteria,0.89212,22302.99
tx-000002220,merchant-01465,electronica,0.08201,2050.25
tx-000002221,merchant-00631,ferreteria,0.95834,23958.5
tx-000002222,merchant-00918,farmacia,0.166437,4160.92
tx-000002223,merchant-01674,colmado,0.497336,12433.4
tx-000002224,merchant-00186,electronica,0.9522,23805.01
tx-000002225,merchant-04436,farmacia,0.417704,10442.59
tx-000002226,merchant-03442,restaurante,0.474957,11873.93
tx-000002227,merchant-00176,electronica,0.738234,18455.85
tx-000002228,merchant-00181,ropa,0.190682,4767.06
tx-000002229,merchant-04257,servicios,0.835278,20881.94
tx-000002230,merchant-02809,servicios,0.412868,10321.71
tx-000002231,merchant-04344,colmado,0.487176,12179.4
tx-000002232,merchant-02492,otros,0.446366,11159.14
tx-000002233,merchant-02511,farmacia,0.13369,3342.26
tx-000002234,merchant-01858,restaurante,0.789689,19742.23
tx-000002235,merchant-02361,alimentos,0.373158,9328.96
tx-000002236,merchant-02330,restaurante,0.150042,3751.04
tx-000002237,merchant-01318,colmado,0.956302,23907.54
tx-000002238,merchant-01437,farmacia,0.286676,7166.9
tx-000002239,merchant-00958,alimentos,0.162932,4073.31
tx-000002240,merchant-04707,farmacia,0.993786,24844.64
tx-000002241,merchant-03029,farmacia,0.442007,11050.17
tx-000002242,merchant-00285,servicios,0.206745,5168.63
tx-000002243,merchant-01212,servicios,0.978066,24451.66
tx-000002244,merchant-01332,colmado,0.449532,11238.31
tx-000002245,merchant-00205,transporte,0.302957,7573.92
tx-000002246,merchant-01191,restaurante,0.931207,23280.17
tx-000002247,merchant-01279,alimentos,0.927956,23198.89
tx-000002248,merchant-04475,colmado,0.97021,24255.25
tx-000002249,merchant-02422,restaurante,0.332618,8315.45
tx-000002250,merchant-04700,farmacia,0.896186,22404.64
tx-000002251,merchant-03622,servicios,0.799977,19999.43
tx-000002252,merchant-03924,alimentos,0.689769,17244.22
tx-000002253,merchant-04514,ferreteria,0.141144,3528.61
tx-000002254,merchant-03291,otros,0.309466,7736.65
tx-000002255,merchant-03654,servicios,0.841195,21029.88
tx-000002256,merchant-00451,otros,0.094296,2357.4
tx-000002257,merchant-04780,colmado,0.64203,16050.75
tx-000002258,merchant-02277,ropa,0.2237,5592.49
tx-000002259,merchant-04411,restaurante,0.024504,612.59
tx-000002260,merchant-00716,colmado,0.677709,16942.73
tx-000002261,merchant-04018,servicios,0.395635,9890.87
tx-000002262,merchant-04191,alimentos,0.603966,15099.14
tx-000002263,merchant-02958,transporte,0.90863,22715.75
tx-000002264,merchant-03504,servicios,0.14965,3741.25
tx-000002265,merchant-00100,electronica,0.38734,9683.51
tx-000002266,merchant-02524,restaurante,0.34623,8655.76
tx-000002267,merchant-00718,ropa,0.874553,21863.83
tx-000002268,merchant-03640,transporte,0.728398,18209.94
tx-000002269,merchant-02365,farmacia,0.804078,20101.95
tx-000002270,merchant-03473,transporte,0.806062,20151.54
tx-000002271,merchant-04811,otros,0.141288,3532.21
tx-000002272,merchant-01703,electronica,0.087906,2197.65
tx-000002273,merchant-04304,servicios,0.475664,11891.6
tx-000002274,merchant-04839,transporte,0.067984,1699.59
tx-000002275,merchant-03355,electronica,0.090271,2256.78
tx-000002276,merchant-04554,restaurante,0.415685,10392.12
tx-000002277,merchant-01122,ropa,0.710826,17770.66
tx-000002278,merchant-03128,electronica,0.187634,4690.86
tx-000002279,merchant-00346,electronica,0.554759,13868.98
tx-000002280,merchant-02490,restaurante,0.834916,20872.9
tx-000002281,merchant-03797,ropa,0.560162,14004.06
tx-000002282,merchant-00021,farmacia,0.028786,719.66
tx-000002283,merchant-03872,ferreteria,0.264152,6603.79
tx-000002284,merchant-02357,transporte,0.654505,16362.63
tx-000002285,merchant-02005,alimentos,0.181014,4525.34
tx-000002286,merchant-02271,restaurante,0.121116,3027.9
tx-000002287,merchant-00547,otros,0.994344,24858.61
tx-000002288,merchant-04761,restaurante,0.746074,18651.86
tx-000002289,merchant-02113,restaurante,0.566444,14161.09
tx-000002290,merchant-00980,servicios,0.97431,24357.76
tx-000002291,merchant-04713,alimentos,0.513501,12837.52
tx-000002292,merchant-01335,otros,0.84559,21139.74
tx-000002293,merchant-02619,restaurante,0.060393,1509.83
tx-000002294,merchant-01110,servicios,0.878561,21964.02
tx-000002295,merchant-02234,servicios,0.164982,4124.56
tx-000002296,merchant-02917,alimentos,0.420675,10516.87
tx-000002297,merchant-04339,ferreteria,0.291276,7281.91
tx-000002298,merchant-01502,ferreteria,0.514839,12870.97
tx-000002299,merchant-01370,colmado,0.599565,14989.12
tx-000002300,merchant-02591,electronica,0.323962,8099.04
tx-000002301,merchant-02970,ferreteria,0.272916,6822.9
tx-000002302,merchant-02881,farmacia,0.535352,13383.79
tx-000002303,merchant-04245,electronica,0.014872,371.8
tx-000002304,merchant-03973,transporte,0.374268,9356.7
tx-000002305,merchant-01336,ferreteria,0.341632,8540.81
tx-000002306,merchant-04124,ropa,0.21944,5486.01
tx-000002307,merchant-04577,otros,0.83191,20797.76
tx-000002308,merchant-04307,colmado,0.690274,17256.84
tx-000002309,merchant-00934,transporte,0.713122,17828.05
tx-000002310,merchant-00626,ferreteria,0.46157,11539.26
tx-000002311,merchant-00143,restaurante,0.819207,20480.18
tx-000002312,merchant-02971,farmacia,0.349514,8737.84
tx-000002313,merchant-04896,colmado,0.817405,20435.12
tx-000002314,merchant-02803,farmacia,0.764062,19101.56
tx-000002315,merchant-00236,ferreteria,0.710475,17761.88
tx-000002316,merchant-01167,ropa,0.223913,5597.83
tx-000002317,merchant-01720,farmacia,0.308814,7720.34
tx-000002318,merchant-03481,ferreteria,0.981147,24528.68
tx-000002319,merchant-03968,transporte,0.07958,1989.5
tx-000002320,merchant-00884,alimentos,0.044432,1110.8
tx-000002321,merchant-04207,otros,0.793469,19836.73
tx-000002322,merchant-00975,electronica,0.061147,1528.67
tx-000002323,merchant-02472,alimentos,0.045195,1129.87
tx-000002324,merchant-01015,otros,0.755041,18876.03
tx-000002325,merchant-01639,farmacia,0.20699,5174.76
tx-000002326,merchant-00240,ferreteria,0.67126,16781.49
tx-000002327,merchant-02273,otros,0.147266,3681.65
tx-000002328,merchant-01316,colmado,0.349141,8728.52
tx-000002329,merchant-01982,colmado,0.78124,19531.01
tx-000002330,merchant-00812,otros,0.571095,14277.37
tx-000002331,merchant-04333,ropa,0.763718,19092.94
tx-000002332,merchant-02309,farmacia,0.71638,17909.5
tx-000002333,merchant-04401,alimentos,0.901857,22546.42
tx-000002334,merchant-00809,ropa,0.973633,24340.82
tx-000002335,merchant-03889,servicios,0.920636,23015.91
tx-000002336,merchant-01517,restaurante,0.698737,17468.42
tx-000002337,merchant-00880,farmacia,0.674179,16854.47
tx-000002338,merchant-03110,transporte,0.835073,20876.82
tx-000002339,merchant-01865,transporte,0.215846,5396.14
tx-000002340,merchant-02575,ferreteria,0.11462,2865.49
tx-000002341,merchant-04258,farmacia,0.46697,11674.25
tx-000002342,merchant-02960,electronica,0.496824,12420.61
tx-000002343,merchant-00333,ferreteria,0.558018,13950.45
tx-000002344,merchant-00948,transporte,0.329459,8236.48
tx-000002345,merchant-04919,electronica,0.285044,7126.11
tx-000002346,merchant-03637,ropa,0.687672,17191.81
tx-000002347,merchant-02381,transporte,0.554808,13870.2
tx-000002348,merchant-00571,restaurante,0.190408,4760.19
tx-000002349,merchant-03011,farmacia,0.939204,23480.1
tx-000002350,merchant-04028,ferreteria,0.01476,369.01
tx-000002351,merchant-04282,ferreteria,0.397577,9939.43
tx-000002352,merchant-03235,transporte,0.12098,3024.49
tx-000002353,merchant-00834,farmacia,0.695647,17391.18
tx-000002354,merchant-01631,servicios,0.066581,1664.52
tx-000002355,merchant-03312,ferreteria,0.201863,5046.57
tx-000002356,merchant-03480,restaurante,0.234404,5860.1
tx-000002357,merchant-04768,otros,0.279961,6999.03
tx-000002358,merchant-03279,servicios,0.274427,6860.67
tx-000002359,merchant-04942,transporte,0.476875,11921.87
tx-000002360,merchant-04190,electronica,0.987548,24688.7
tx-000002361,merchant-03725,ferreteria,0.149079,3726.98
tx-000002362,merchant-04009,restaurante,0.123946,3098.64
tx-000002363,merchant-01103,alimentos,0.23236,5809.0
tx-000002364,merchant-00433,ferreteria,0.101404,2535.1
tx-000002365,merchant-00220,farmacia,0.499139,12478.47
tx-000002366,merchant-02679,farmacia,0.383868,9596.69
tx-000002367,merchant-00790,ferreteria,0.304147,7603.68
tx-000002368,merchant-04260,restaurante,0.661758,16543.96
tx-000002369,merchant-01655,electronica,0.793146,19828.65
tx-000002370,merchant-04017,colmado,0.662769,16569.23
tx-000002371,merchant-02815,colmado,0.263142,6578.55
tx-000002372,merchant-00259,transporte,0.547527,13688.17
tx-000002373,merchant-00976,transporte,0.880366,22009.14
tx-000002374,merchant-03083,restaurante,0.451215,11280.38
tx-000002375,merchant-00270,farmacia,0.460737,11518.42
tx-000002376,merchant-02483,farmacia,0.557553,13938.83
tx-000002377,merchant-01102,electronica,0.492497,12312.42
tx-000002378,merchant-03994,ferreteria,0.716292,17907.29
tx-000002379,merchant-04019,colmado,0.569718,14242.94
tx-000002380,merchant-04688,restaurante,0.686004,17150.09
tx-000002381,merchant-01281,colmado,0.476959,11923.98
tx-000002382,merchant-02158,restaurante,0.057626,1440.64
tx-000002383,merchant-03095,otros,0.591863,14796.58
tx-000002384,merchant-02331,servicios,0.677135,16928.37
tx-000002385,merchant-04838,alimentos,0.063301,1582.53
tx-000002386,merchant-03002,servicios,0.129942,3248.54
tx-000002387,merchant-04784,alimentos,0.809934,20248.36
tx-000002388,merchant-02796,transporte,0.765664,19141.59
tx-000002389,merchant-02828,servicios,0.099155,2478.88
tx-000002390,merchant-00463,ropa,0.413106,10327.64
tx-000002391,merchant-02557,otros,0.249119,6227.97
tx-000002392,merchant-00537,electronica,0.086772,2169.3
tx-000002393,merchant-01391,alimentos,0.116242,2906.06
tx-000002394,merchant-00307,restaurante,0.53934,13483.5
tx-000002395,merchant-03461,otros,0.658452,16461.31
tx-000002396,merchant-03451,electronica,0.51573,12893.26
tx-000002397,merchant-03848,otros,0.022362,559.04
tx-000002398,merchant-02593,transporte,0.024192,604.8
tx-000002399,merchant-02642,otros,0.571213,14280.32
tx-000002400,merchant-04001,ferreteria,0.09953,2488.26
tx-000002401,merchant-01687,servicios,0.691482,17287.06
tx-000002402,merchant-02782,farmacia,0.497738,12443.45
tx-000002403,merchant-02977,transporte,0.615598,15389.96
tx-000002404,merchant-00618,colmado,0.203355,5083.88
tx-000002405,merchant-02173,alimentos,0.215652,5391.3
tx-000002406,merchant-04699,transporte,0.298726,7468.14
tx-000002407,merchant-00754,otros,0.804994,20124.85
tx-000002408,merchant-02760,electronica,0.096544,2413.6
tx-000002409,merchant-04351,restaurante,0.069135,1728.38
tx-000002410,merchant-02846,ferreteria,0.428252,10706.29
tx-000002411,merchant-02473,colmado,0.652234,16305.84
tx-000002412,merchant-03547,colmado,0.804518,20112.96
tx-000002413,merchant-03395,transporte,0.314726,7868.16
tx-000002414,merchant-04222,restaurante,0.252762,6319.06
tx-000002415,merchant-04486,farmacia,0.672217,16805.43
tx-000002416,merchant-04229,farmacia,0.881135,22028.37
tx-000002417,merchant-01745,restaurante,0.57769,14442.24
tx-000002418,merchant-04365,otros,0.2694,6735.0
tx-000002419,merchant-03554,otros,0.853069,21326.73
tx-000002420,merchant-00491,colmado,0.727162,18179.05
tx-000002421,merchant-03789,farmacia,0.202247,5056.17
tx-000002422,merchant-02460,transporte,0.241893,6047.33
tx-000002423,merchant-00528,ropa,0.41144,10285.99
tx-000002424,merchant-02187,electronica,0.846275,21156.88
tx-000002425,merchant-02101,otros,0.64675,16168.76
tx-000002426,merchant-01954,ferreteria,0.237658,5941.44
tx-000002427,merchant-00227,ropa,0.151662,3791.56
tx-000002428,merchant-02544,restaurante,0.797451,19936.27
tx-000002429,merchant-03573,transporte,0.486412,12160.29
tx-000002430,merchant-00304,ropa,0.647628,16190.71
tx-000002431,merchant-01118,alimentos,0.16104,4025.99
tx-000002432,merchant-02276,colmado,0.25988,6497.0
tx-000002433,merchant-00346,restaurante,0.177633,4440.83
tx-000002434,merchant-00454,ferreteria,0.782669,19566.73
tx-000002435,merchant-02442,ferreteria,0.315277,7881.92
tx-000002436,merchant-03335,servicios,0.900774,22519.34
tx-000002437,merchant-00740,transporte,0.672329,16808.22
tx-000002438,merchant-01152,ropa,0.943276,23581.9
tx-000002439,merchant-04099,ferreteria,0.113708,2842.71
tx-000002440,merchant-04755,colmado,0.522914,13072.84
tx-000002441,merchant-00740,ropa,0.253304,6332.61
tx-000002442,merchant-02568,servicios,0.600622,15015.54
tx-000002443,merchant-03195,ropa,0.83267,20816.74
tx-000002444,merchant-01786,farmacia,0.935629,23390.73
tx-000002445,merchant-01754,electronica,0.1086,2715.01
tx-000002446,merchant-02084,otros,0.440596,11014.91
tx-000002447,merchant-04371,servicios,0.057814,1445.34
tx-000002448,merchant-00926,servicios,0.700218,17505.46
tx-000002449,merchant-03891,ropa,0.546654,13666.34
tx-000002450,merchant-01188,servicios,0.963389,24084.72
tx-000002451,merchant-03013,electronica,0.476271,11906.78
tx-000002452,merchant-04963,alimentos,0.023032,575.8
tx-000002453,merchant-00448,ropa,0.84179,21044.75
tx-000002454,merchant-03152,electronica,0.254477,6361.92
tx-000002455,merchant-02973,ferreteria,0.639671,15991.78
tx-000002456,merchant-01937,restaurante,0.535841,13396.02
tx-000002457,merchant-03220,electronica,0.389694,9742.35
tx-000002458,merchant-01929,electronica,0.302286,7557.16
tx-000002459,merchant-01313,restaurante,0.211966,5299.14
tx-000002460,merchant-03329,alimentos,0.63209,15802.25
tx-000002461,merchant-00657,restaurante,0.275488,6887.21
tx-000002462,merchant-03383,servicios,0.472149,11803.73
tx-000002463,merchant-00823,farmacia,0.717951,17948.78
tx-000002464,merchant-04148,ferreteria,0.699085,17477.13
tx-000002465,merchant-04933,colmado,0.353153,8828.82
tx-000002466,merchant-03714,alimentos,0.73831,18457.75
tx-000002467,merchant-01506,restaurante,0.762452,19061.29
tx-000002468,merchant-01115,alimentos,0.791437,19785.93
tx-000002469,merchant-02504,servicios,0.40186,10046.51
tx-000002470,merchant-00908,farmacia,0.576658,14416.44
tx-000002471,merchant-01066,otros,0.251104,6277.61
tx-000002472,merchant-02617,restaurante,0.686382,17159.55
tx-000002473,merchant-01094,electronica,0.479409,11985.22
tx-000002474,merchant-04859,servicios,0.175132,4378.3
tx-000002475,merchant-01628,ferreteria,0.79993,19998.24
tx-000002476,merchant-01491,transporte,0.415668,10391.69
tx-000002477,merchant-04673,ropa,0.876637,21915.93
tx-000002478,merchant-00189,colmado,0.022693,567.33
tx-000002479,merchant-01874,ferreteria,0.647812,16195.31
tx-000002480,merchant-01625,electronica,0.974179,24354.48
tx-000002481,merchant-01383,alimentos,0.701859,17546.47
tx-000002482,merchant-03514,otros,0.402233,10055.82
tx-000002483,merchant-00730,servicios,0.261638,6540.94
tx-000002484,merchant-04647,ferreteria,0.171783,4294.57
tx-000002485,merchant-04308,transporte,0.016087,402.17
tx-000002486,merchant-03717,restaurante,0.773813,19345.32
tx-000002487,merchant-01665,ropa,0.120275,3006.88
tx-000002488,merchant-02181,electronica,0.94616,23654.01
tx-000002489,merchant-03130,farmacia,0.74695,18673.75
tx-000002490,merchant-01693,otros,0.432446,10811.15
tx-000002491,merchant-02319,ropa,0.217136,5428.39
tx-000002492,merchant-03347,farmacia,0.419494,10487.36
tx-000002493,merchant-02145,ropa,0.030716,767.89
tx-000002494,merchant-02035,servicios,0.618445,15461.12
tx-000002495,merchant-03754,ferreteria,0.583737,14593.43
tx-000002496,merchant-01092,servicios,0.0123,307.49
tx-000002497,merchant-03257,ropa,0.97445,24361.26
tx-000002498,merchant-03468,otros,0.713909,17847.73
tx-000002499,merchant-00781,colmado,0.257713,6442.83
tx-000002500,merchant-02727,ropa,0.060635,1515.87
tx-000002501,merchant-02903,otros,0.47199,11799.76
tx-000002502,merchant-04901,alimentos,0.939443,23486.08
tx-000002503,merchant-04134,otros,0.00735,183.76
tx-000002504,merchant-03234,servicios,0.382176,9554.4
tx-000002505,merchant-04584,alimentos,0.133974,3349.34
tx-000002506,merchant-02133,farmacia,0.581326,14533.15
tx-000002507,merchant-02779,restaurante,0.504739,12618.48
tx-000002508,merchant-02600,colmado,0.133656,3341.39
tx-000002509,merchant-02134,ferreteria,0.434064,10851.59
tx-000002510,merchant-01048,restaurante,0.314643,7866.08
tx-000002511,merchant-02302,servicios,0.871936,21798.41
tx-000002512,merchant-02318,electronica,0.926384,23159.61
tx-000002513,merchant-02161,colmado,0.613706,15342.64
tx-000002514,merchant-01352,servicios,0.314384,7859.61
tx-000002515,merchant-04025,farmacia,0.737396,18434.89
tx-000002516,merchant-03605,alimentos,0.556563,13914.08
tx-000002517,merchant-00448,ropa,0.190542,4763.55
tx-000002518,merchant-03853,electronica,0.184775,4619.38
tx-000002519,merchant-03827,transporte,0.165228,4130.7
tx-000002520,merchant-04055,alimentos,0.117792,2944.8
tx-000002521,merchant-04595,restaurante,0.442637,11065.92
tx-000002522,merchant-00922,farmacia,0.458844,11471.1
tx-000002523,merchant-00767,ropa,0.125407,3135.17
tx-000002524,merchant-01480,farmacia,0.868437,21710.92
tx-000002525,merchant-02235,otros,0.750437,18760.92
tx-000002526,merchant-04798,ropa,0.891113,22277.82
tx-000002527,merchant-00034,colmado,0.58438,14609.51
tx-000002528,merchant-01480,transporte,0.767314,19182.85
tx-000002529,merchant-02017,restaurante,0.920572,23014.31
tx-000002530,merchant-02693,alimentos,0.677555,16938.87
tx-000002531,merchant-01000,transporte,0.285713,7142.82
tx-000002532,merchant-00869,servicios,0.374811,9370.28
tx-000002533,merchant-00665,restaurante,0.155468,3886.7
tx-000002534,merchant-03931,restaurante,0.831038,20775.95
tx-000002535,merchant-02207,otros,0.6291,15727.5
tx-000002536,merchant-02699,alimentos,0.65869,16467.26
tx-000002537,merchant-03712,servicios,0.65686,16421.51
tx-000002538,merchant-04663,farmacia,0.947524,23688.09
tx-000002539,merchant-00399,electronica,0.212944,5323.6
tx-000002540,merchant-00455,ferreteria,0.324524,8113.11
tx-000002541,merchant-04934,transporte,0.548062,13701.55
tx-000002542,merchant-02091,farmacia,0.094366,2359.15
tx-000002543,merchant-03268,ferreteria,0.2416,6040.0
tx-000002544,merchant-01706,farmacia,0.022471,561.78
tx-000002545,merchant-03297,electronica,0.389726,9743.15
tx-000002546,merchant-01263,ferreteria,0.647874,16196.84
tx-000002547,merchant-03542,electronica,0.29995,7498.74
tx-000002548,merchant-04944,farmacia,0.903927,22598.17
tx-000002549,merchant-00788,servicios,0.360326,9008.15
tx-000002550,merchant-04011,restaurante,0.513628,12840.7
tx-000002551,merchant-03903,electronica,0.885642,22141.06
tx-000002552,merchant-03466,ferreteria,0.563931,14098.27
tx-000002553,merchant-03017,otros,0.756978,18924.44
tx-000002554,merchant-03490,ferreteria,0.187983,4699.58
tx-000002555,merchant-02800,restaurante,0.042357,1058.93
tx-000002556,merchant-01271,restaurante,0.677087,16927.18
tx-000002557,merchant-04299,ferreteria,0.528224,13205.6
tx-000002558,merchant-03583,ferreteria,0.292122,7303.04
tx-000002559,merchant-03913,electronica,0.907393,22684.83
tx-000002560,merchant-01047,electronica,0.150309,3757.73
tx-000002561,merchant-04286,transporte,0.841855,21046.37
tx-000002562,merchant-00391,colmado,0.296891,7422.27
tx-000002563,merchant-00370,colmado,0.07838,1959.49
tx-000002564,merchant-03481,transporte,0.109417,2735.42
tx-000002565,merchant-04657,electronica,0.096295,2407.38
tx-000002566,merchant-04797,ferreteria,0.356747,8918.67
tx-000002567,merchant-00134,ferreteria,0.76911,19227.74
tx-000002568,merchant-03792,farmacia,0.741035,18525.88
tx-000002569,merchant-03220,alimentos,0.786605,19665.12
tx-000002570,merchant-02439,servicios,0.085124,2128.1
tx-000002571,merchant-03728,restaurante,0.588034,14700.85
tx-000002572,merchant-02172,servicios,0.624563,15614.07
tx-000002573,merchant-01534,ropa,0.966786,24169.65
tx-000002574,merchant-04949,electronica,0.186717,4667.93
tx-000002575,merchant-00872,transporte,0.871872,21796.81
tx-000002576,merchant-00048,transporte,0.535307,13382.68
tx-000002577,merchant-01407,restaurante,0.118445,2961.12
tx-000002578,merchant-03319,otros,0.461243,11531.07
tx-000002579,merchant-02481,otros,0.72646,18161.49
tx-000002580,merchant-02956,transporte,0.813506,20337.66
tx-000002581,merchant-00718,farmacia,0.805032,20125.79
tx-000002582,merchant-01564,ferreteria,0.136844,3421.09
tx-000002583,merchant-01542,alimentos,0.816336,20408.41
tx-000002584,merchant-01190,ropa,0.210811,5270.28
tx-000002585,merchant-04413,ropa,0.436917,10922.92
tx-000002586,merchant-03797,farmacia,0.087921,2198.03
tx-000002587,merchant-00179,ferreteria,0.475041,11876.03
tx-000002588,merchant-01249,restaurante,0.167773,4194.33
tx-000002589,merchant-03863,alimentos,0.963939,24098.48
tx-000002590,merchant-04795,ropa,0.860077,21501.92
tx-000002591,merchant-04665,transporte,0.202936,5073.39
tx-000002592,merchant-00065,ferreteria,0.05282,1320.51
tx-000002593,merchant-03538,transporte,0.631149,15778.73
tx-000002594,merchant-04741,otros,0.848919,21222.98
tx-000002595,merchant-02383,alimentos,0.731616,18290.41
tx-000002596,merchant-03983,colmado,0.488522,12213.04
tx-000002597,merchant-03997,ropa,0.591857,14796.43
tx-000002598,merchant-04328,alimentos,0.714862,17871.54
tx-000002599,merchant-02588,colmado,0.42316,10579.01
tx-000002600,merchant-03418,restaurante,0.065384,1634.59
tx-000002601,merchant-02841,restaurante,0.118707,2967.67
tx-000002602,merchant-00171,farmacia,0.69812,17452.99
tx-000002603,merchant-01575,restaurante,0.289435,7235.87
tx-000002604,merchant-01902,colmado,0.34516,8628.99
tx-000002605,merchant-02779,otros,0.221263,5531.57
tx-000002606,merchant-03838,farmacia,0.853747,21343.67
tx-000002607,merchant-03198,transporte,0.883407,22085.18
tx-000002608,merchant-02952,restaurante,0.833414,20835.36
tx-000002609,merchant-01328,otros,0.800156,20003.89
tx-000002610,merchant-00707,restaurante,0.208794,5219.85
tx-000002611,merchant-01635,farmacia,0.130838,3270.96
tx-000002612,merchant-00827,transporte,0.606538,15163.44
tx-000002613,merchant-04045,electronica,0.943168,23579.21
tx-000002614,merchant-04562,alimentos,0.23625,5906.24
tx-000002615,merchant-02940,electronica,0.999263,24981.57
tx-000002616,merchant-01300,farmacia,0.35833,8958.24
tx-000002617,merchant-04125,alimentos,0.828293,20707.32
tx-000002618,merchant-02767,transporte,0.807202,20180.05
tx-000002619,merchant-01858,ferreteria,0.115741,2893.53
tx-000002620,merchant-03985,electronica,0.562858,14071.44
tx-000002621,merchant-02911,alimentos,0.993676,24841.89
tx-000002622,merchant-04564,electronica,0.770555,19263.87
tx-000002623,merchant-04223,otros,0.896525,22413.13
tx-000002624,merchant-00414,restaurante,0.670147,16753.67
tx-000002625,merchant-00909,ferreteria,0.799389,19984.72
tx-000002626,merchant-04995,ferreteria,0.782089,19552.23
tx-000002627,merchant-00344,colmado,0.823963,20599.08
tx-000002628,merchant-00968,ropa,0.1072,2680.01
tx-000002629,merchant-01287,electronica,0.911164,22779.09
tx-000002630,merchant-04145,restaurante,0.708747,17718.68
tx-000002631,merchant-00814,farmacia,0.733087,18327.17
tx-000002632,merchant-02742,farmacia,0.647799,16194.97
tx-000002633,merchant-01654,restaurante,0.124738,3118.44
tx-000002634,merchant-00054,ropa,0.969697,24242.43
tx-000002635,merchant-03881,servicios,0.835144,20878.59
tx-000002636,merchant-01403,ferreteria,0.288185,7204.62
tx-000002637,merchant-03400,servicios,0.267484,6687.09
tx-000002638,merchant-02011,farmacia,0.630182,15754.54
tx-000002639,merchant-04339,transporte,0.7537,18842.5
tx-000002640,merchant-01131,transporte,0.787641,19691.03
tx-000002641,merchant-03354,restaurante,0.414582,10364.56
tx-000002642,merchant-04229,servicios,0.951937,23798.42
tx-000002643,merchant-03626,farmacia,0.943853,23596.32
tx-000002644,merchant-04239,ferreteria,0.770612,19265.29
tx-000002645,merchant-02579,transporte,0.086609,2165.22
tx-000002646,merchant-01347,transporte,0.981981,24549.53
tx-000002647,merchant-00304,farmacia,0.063345,1583.63
tx-000002648,merchant-00474,colmado,0.902706,22567.65
tx-000002649,merchant-03435,transporte,0.972716,24317.9
tx-000002650,merchant-04536,electronica,0.886011,22150.28
tx-000002651,merchant-02570,servicios,0.722108,18052.7
tx-000002652,merchant-02292,colmado,0.009886,247.16
tx-000002653,merchant-01204,transporte,0.61118,15279.51
tx-000002654,merchant-01681,colmado,0.447297,11182.42
tx-000002655,merchant-03623,servicios,0.625111,15627.77
tx-000002656,merchant-03314,ropa,0.8879,22197.49
tx-000002657,merchant-00691,alimentos,0.881213,22030.32
tx-000002658,merchant-03195,farmacia,0.538359,13458.97
tx-000002659,merchant-04431,electronica,0.521429,13035.72
tx-000002660,merchant-04192,colmado,0.215307,5382.68
tx-000002661,merchant-02792,farmacia,0.313628,7840.7
tx-000002662,merchant-04424,otros,0.025375,634.37
tx-000002663,merchant-02490,transporte,0.260173,6504.32
tx-000002664,merchant-00905,alimentos,0.986981,24674.52
tx-000002665,merchant-02128,colmado,0.8419,21047.51
tx-000002666,merchant-00392,ferreteria,0.355764,8894.11
tx-000002667,merchant-04690,alimentos,0.44984,11245.99
tx-000002668,merchant-01935,otros,0.454241,11356.02
tx-000002669,merchant-04369,otros,0.566466,14161.65
tx-000002670,merchant-02452,electronica,0.23537,5884.26
tx-000002671,merchant-04693,farmacia,0.667588,16689.71
tx-000002672,merchant-04258,ropa,0.714922,17873.06
tx-000002673,merchant-04231,otros,0.107016,2675.41
tx-000002674,merchant-02960,restaurante,0.19417,4854.25
tx-000002675,merchant-03488,transporte,0.099792,2494.8
tx-000002676,merchant-00510,transporte,0.083783,2094.58
tx-000002677,merchant-03902,ropa,0.888732,22218.31
tx-000002678,merchant-03026,colmado,0.447272,11181.79
tx-000002679,merchant-04580,colmado,0.403948,10098.71
tx-000002680,merchant-02161,otros,0.779267,19481.68
tx-000002681,merchant-03469,restaurante,0.49983,12495.74
tx-000002682,merchant-04011,transporte,0.68964,17241.0
tx-000002683,merchant-01183,colmado,0.824164,20604.11
tx-000002684,merchant-03750,farmacia,0.12887,3221.74
tx-000002685,merchant-04205,colmado,0.968096,24202.39
tx-000002686,merchant-01742,restaurante,0.119822,2995.55
tx-000002687,merchant-01285,colmado,0.474409,11860.22
tx-000002688,merchant-00973,otros,0.370593,9264.83
tx-000002689,merchant-00904,ferreteria,0.852613,21315.33
tx-000002690,merchant-02373,alimentos,0.370847,9271.17
tx-000002691,merchant-00965,servicios,0.523732,13093.3
tx-000002692,merchant-03068,electronica,0.306315,7657.87
tx-000002693,merchant-00230,farmacia,0.295393,7384.83
tx-000002694,merchant-04831,transporte,0.143856,3596.39
tx-000002695,merchant-02500,electronica,0.050554,1263.84
tx-000002696,merchant-04005,alimentos,0.21715,5428.76
tx-000002697,merchant-02857,ferreteria,0.124083,3102.08
tx-000002698,merchant-03421,restaurante,0.870686,21767.14
tx-000002699,merchant-04635,restaurante,0.573913,14347.82
tx-000002700,merchant-03091,restaurante,0.900487,22512.17
tx-000002701,merchant-04962,farmacia,0.834791,20869.78
tx-000002702,merchant-04136,restaurante,0.762427,19060.68
tx-000002703,merchant-03679,farmacia,0.762156,19053.89
tx-000002704,merchant-02665,ferreteria,0.866613,21665.32
tx-000002705,merchant-03356,transporte,0.800212,20005.3
tx-000002706,merchant-03240,servicios,0.234357,5858.92
tx-000002707,merchant-03630,electronica,0.541912,13547.81
tx-000002708,merchant-01357,alimentos,0.646625,16165.62
tx-000002709,merchant-02531,colmado,0.572851,14321.27
tx-000002710,merchant-04583,ferreteria,0.645869,16146.73
tx-000002711,merchant-04439,otros,0.194042,4851.05
tx-000002712,merchant-04672,colmado,0.7581,18952.5
tx-000002713,merchant-03899,colmado,0.191017,4775.43
tx-000002714,merchant-00986,colmado,0.89707,22426.76
tx-000002715,merchant-00156,electronica,0.181384,4534.6
tx-000002716,merchant-02010,otros,0.787184,19679.59
tx-000002717,merchant-04371,otros,0.445341,11133.53
tx-000002718,merchant-04825,alimentos,0.32179,8044.76
tx-000002719,merchant-00191,servicios,0.49249,12312.25
tx-000002720,merchant-03400,alimentos,0.438143,10953.58
tx-000002721,merchant-02600,transporte,0.859929,21498.23
tx-000002722,merchant-00940,ferreteria,0.258664,6466.59
tx-000002723,merchant-02338,farmacia,0.542696,13567.39
tx-000002724,merchant-00735,farmacia,0.184304,4607.59
tx-000002725,merchant-03337,farmacia,0.308181,7704.52
tx-000002726,merchant-02665,farmacia,0.060796,1519.9
tx-000002727,merchant-00480,electronica,0.029117,727.92
tx-000002728,merchant-02622,farmacia,0.39116,9779.0
tx-000002729,merchant-02656,electronica,0.413997,10349.93
tx-000002730,merchant-00991,alimentos,0.376762,9419.05
tx-000002731,merchant-04891,otros,0.204154,5103.86
tx-000002732,merchant-04167,colmado,0.238018,5950.45
tx-000002733,merchant-00943,electronica,0.386278,9656.96
tx-000002734,merchant-03808,colmado,0.062511,1562.77
tx-000002735,merchant-03967,alimentos,0.408262,10206.56
tx-000002736,merchant-01915,alimentos,0.408679,10216.97
tx-000002737,merchant-04802,ferreteria,0.270622,6765.54
tx-000002738,merchant-04545,farmacia,0.247824,6195.59
tx-000002739,merchant-03333,restaurante,0.306004,7650.09
tx-000002740,merchant-04100,ropa,0.08574,2143.51
tx-000002741,merchant-01167,servicios,0.783316,19582.9
tx-000002742,merchant-01378,ropa,0.541359,13533.97
tx-000002743,merchant-03472,colmado,0.53846,13461.51
tx-000002744,merchant-00009,restaurante,0.452838,11320.96
tx-000002745,merchant-02370,farmacia,0.961192,24029.81
tx-000002746,merchant-03951,electronica,0.002542,63.55
tx-000002747,merchant-03115,servicios,0.598672,14966.8
tx-000002748,merchant-01743,otros,0.842754,21068.84
tx-000002749,merchant-02305,alimentos,0.841003,21025.07
tx-000002750,merchant-04376,otros,0.163094,4077.34
tx-000002751,merchant-00735,transporte,0.071795,1794.88
tx-000002752,merchant-01145,colmado,0.699032,17475.81
tx-000002753,merchant-03539,ropa,0.998824,24970.59
tx-000002754,merchant-02608,servicios,0.611224,15280.61
tx-000002755,merchant-03709,electronica,0.6359,15897.49
tx-000002756,merchant-02635,servicios,0.247436,6185.91
tx-000002757,merchant-04912,servicios,0.212203,5305.07
tx-000002758,merchant-01096,alimentos,0.017843,446.07
tx-000002759,merchant-00036,alimentos,0.609569,15239.23
tx-000002760,merchant-03385,colmado,0.673361,16834.02
tx-000002761,merchant-04006,transporte,0.895478,22386.94
tx-000002762,merchant-00636,colmado,0.539055,13476.38
tx-000002763,merchant-03647,ferreteria,0.032886,822.14
tx-000002764,merchant-03084,otros,0.354289,8857.22
tx-000002765,merchant-01452,alimentos,0.35925,8981.25
tx-000002766,merchant-03035,ropa,0.126514,3162.86
tx-000002767,merchant-01815,alimentos,0.445688,11142.21
tx-000002768,merchant-02932,ropa,0.758904,18972.6
tx-000002769,merchant-02484,ropa,0.091786,2294.66
tx-000002770,merchant-04046,servicios,0.23579,5894.74
tx-000002771,merchant-04038,otros,0.038722,968.06
tx-000002772,merchant-01607,transporte,0.210668,5266.7
tx-000002773,merchant-02273,otros,0.112725,2818.12
tx-000002774,merchant-01397,colmado,0.501325,12533.12
tx-000002775,merchant-04635,otros,0.195383,4884.57
tx-000002776,merchant-00536,otros,0.56601,14150.25
tx-000002777,merchant-00533,farmacia,0.12999,3249.75
tx-000002778,merchant-04669,ropa,0.261105,6527.63
tx-000002779,merchant-02248,ropa,0.881241,22031.03
tx-000002780,merchant-00190,colmado,0.847972,21199.3
tx-000002781,merchant-04589,restaurante,0.615228,15380.69
tx-000002782,merchant-03499,alimentos,0.003951,98.78
tx-000002783,merchant-02647,transporte,0.854152,21353.8
tx-000002784,merchant-03334,electronica,0.844653,21116.32
tx-000002785,merchant-04246,restaurante,0.123474,3086.86
tx-000002786,merchant-04238,alimentos,0.496584,12414.59
tx-000002787,merchant-01840,alimentos,0.884035,22100.87
tx-000002788,merchant-03442,colmado,0.279377,6984.43
tx-000002789,merchant-00043,transporte,0.449964,11249.09
tx-000002790,merchant-00671,otros,0.196219,4905.47
tx-000002791,merchant-01849,transporte,0.808058,20201.44
tx-000002792,merchant-02048,ropa,0.95786,23946.5
tx-000002793,merchant-02547,ferreteria,0.166153,4153.82
tx-000002794,merchant-00793,alimentos,0.626743,15668.57
tx-000002795,merchant-00197,otros,0.481006,12025.16
tx-000002796,merchant-02739,electronica,0.797626,19940.66
tx-000002797,merchant-03880,ropa,0.248659,6216.48
tx-000002798,merchant-00446,servicios,0.958885,23972.13
tx-000002799,merchant-01940,ferreteria,0.520636,13015.89
tx-000002800,merchant-03593,ferreteria,0.776198,19404.95
tx-000002801,merchant-04743,ferreteria,0.626098,15652.45
tx-000002802,merchant-00498,alimentos,0.087364,2184.09
tx-000002803,merchant-00533,farmacia,0.37864,9466.01
tx-000002804,merchant-03621,alimentos,0.063878,1596.96
tx-000002805,merchant-03538,ferreteria,0.302868,7571.7
tx-000002806,merchant-00458,colmado,0.103624,2590.6
tx-000002807,merchant-03125,transporte,0.054099,1352.47
tx-000002808,merchant-03368,ropa,0.097638,2440.96
tx-000002809,merchant-00087,restaurante,0.864854,21621.34
tx-000002810,merchant-03508,otros,0.385152,9628.8
tx-000002811,merchant-02783,alimentos,0.619992,15499.8
tx-000002812,merchant-02689,otros,0.455169,11379.22
tx-000002813,merchant-00842,alimentos,0.194096,4852.41
tx-000002814,merchant-00554,otros,0.595985,14899.62
tx-000002815,merchant-01587,otros,0.789838,19745.94
tx-000002816,merchant-04169,electronica,0.12773,3193.24
tx-000002817,merchant-03944,otros,0.35668,8917.01
tx-000002818,merchant-01992,farmacia,0.445735,11143.38
tx-000002819,merchant-00496,farmacia,0.797432,19935.79
tx-000002820,merchant-03571,colmado,0.313044,7826.09
tx-000002821,merchant-02931,electronica,0.959822,23995.55
tx-000002822,merchant-04434,farmacia,0.584498,14612.46
tx-000002823,merchant-02529,otros,0.149114,3727.86
tx-000002824,merchant-03022,alimentos,0.344214,8605.36
tx-000002825,merchant-01185,alimentos,0.518645,12966.13
tx-000002826,merchant-04584,alimentos,0.238912,5972.81
tx-000002827,merchant-01601,ropa,0.423217,10580.43
tx-000002828,merchant-01649,ferreteria,0.641274,16031.84
tx-000002829,merchant-03898,restaurante,0.342869,8571.72
tx-000002830,merchant-02713,otros,0.600563,15014.07
tx-000002831,merchant-02750,otros,0.566965,14174.12
tx-000002832,merchant-02693,farmacia,0.301032,7525.81
tx-000002833,merchant-00346,restaurante,0.106638,2665.96
tx-000002834,merchant-00031,ropa,0.220967,5524.18
tx-000002835,merchant-03822,otros,0.693834,17345.85
tx-000002836,merchant-03939,servicios,0.214712,5367.81
tx-000002837,merchant-03080,ropa,0.807657,20191.42
tx-000002838,merchant-00056,servicios,0.401512,10037.8
tx-000002839,merchant-02932,alimentos,0.011872,296.81
tx-000002840,merchant-01167,electronica,0.555582,13889.56
tx-000002841,merchant-04798,servicios,0.441527,11038.18
tx-000002842,merchant-00244,ropa,0.045817,1145.43
tx-000002843,merchant-01427,ropa,0.199429,4985.73
tx-000002844,merchant-01428,servicios,0.885612,22140.29
tx-000002845,merchant-02015,farmacia,0.847839,21195.98
tx-000002846,merchant-01443,electronica,0.197596,4939.89
tx-000002847,merchant-00172,farmacia,0.910828,22770.69
tx-000002848,merchant-00910,servicios,0.380165,9504.12
tx-000002849,merchant-02500,restaurante,0.936242,23406.05
tx-000002850,merchant-03051,farmacia,0.24167,6041.74
tx-000002851,merchant-03554,ferreteria,0.94128,23531.99
tx-000002852,merchant-01072,ropa,0.120256,3006.41
tx-000002853,merchant-03099,servicios,0.193298,4832.45
tx-000002854,merchant-03519,ropa,0.319316,7982.89
tx-000002855,merchant-04812,ropa,0.921172,23029.29
tx-000002856,merchant-02410,farmacia,0.854726,21368.16
tx-000002857,merchant-00437,electronica,0.329025,8225.63
tx-000002858,merchant-04164,otros,0.873106,21827.64
tx-000002859,merchant-01715,ferreteria,0.886063,22151.57
tx-000002860,merchant-00532,farmacia,0.785096,19627.4
tx-000002861,merchant-04172,servicios,0.509596,12739.91
tx-000002862,merchant-03804,farmacia,0.499591,12489.77
tx-000002863,merchant-03063,colmado,0.32318,8079.49
tx-000002864,merchant-04054,restaurante,0.695121,17378.02
tx-000002865,merchant-03285,otros,0.269799,6744.97
tx-000002866,merchant-01698,ropa,0.650438,16260.94
tx-000002867,merchant-03704,ropa,0.895095,22377.37
tx-000002868,merchant-02507,transporte,0.397108,9927.7
tx-000002869,merchant-04681,farmacia,0.888932,22223.29
tx-000002870,merchant-03065,electronica,0.935628,23390.7
tx-000002871,merchant-01101,ferreteria,0.551451,13786.27
tx-000002872,merchant-04251,servicios,0.296458,7411.45
tx-000002873,merchant-00338,restaurante,0.231717,5792.93
tx-000002874,merchant-02756,transporte,0.513238,12830.94
tx-000002875,merchant-03544,transporte,0.452249,11306.22
tx-000002876,merchant-04076,servicios,0.368777,9219.42
tx-000002877,merchant-00203,farmacia,0.274474,6861.84
tx-000002878,merchant-02176,ferreteria,0.442805,11070.13
tx-000002879,merchant-00676,electronica,0.360375,9009.37
tx-000002880,merchant-04201,colmado,0.842918,21072.95
tx-000002881,merchant-02265,ropa,0.644367,16109.18
tx-000002882,merchant-00585,servicios,0.100212,2505.31
tx-000002883,merchant-01641,servicios,0.040205,1005.12
tx-000002884,merchant-02698,electronica,0.198253,4956.33
tx-000002885,merchant-02249,ropa,0.30411,7602.75
tx-000002886,merchant-01130,colmado,0.706231,17655.78
tx-000002887,merchant-00070,electronica,0.912558,22813.94
tx-000002888,merchant-02840,transporte,0.283282,7082.04
tx-000002889,merchant-04751,alimentos,0.945923,23648.08
tx-000002890,merchant-04200,farmacia,0.47306,11826.5
tx-000002891,merchant-01865,ropa,0.865735,21643.38
tx-000002892,merchant-01720,restaurante,0.723889,18097.23
tx-000002893,merchant-04809,colmado,0.235256,5881.39
tx-000002894,merchant-03780,servicios,0.758106,18952.65
tx-000002895,merchant-02565,ropa,0.792331,19808.28
tx-000002896,merchant-03422,ropa,0.429935,10748.38
tx-000002897,merchant-04575,alimentos,0.439804,10995.09
tx-000002898,merchant-04731,farmacia,0.375951,9398.77
tx-000002899,merchant-00080,restaurante,0.306961,7674.02
tx-000002900,merchant-02906,servicios,0.81078,20269.51
tx-000002901,merchant-03488,transporte,0.22704,5675.99
tx-000002902,merchant-04405,electronica,0.763316,19082.9
tx-000002903,merchant-00191,otros,0.327427,8185.68
tx-000002904,merchant-01140,farmacia,0.785787,19644.68
tx-000002905,merchant-02706,otros,0.977289,24432.22
tx-000002906,merchant-04940,otros,0.63058,15764.49
tx-000002907,merchant-03203,transporte,0.574731,14368.27
tx-000002908,merchant-03201,ferreteria,0.205796,5144.91
tx-000002909,merchant-01543,restaurante,0.535422,13385.54
tx-000002910,merchant-04666,restaurante,0.110421,2760.53
tx-000002911,merchant-02496,ferreteria,0.639725,15993.13
tx-000002912,merchant-04530,farmacia,0.173081,4327.02
tx-000002913,merchant-04943,restaurante,0.033995,849.88
tx-000002914,merchant-01631,ferreteria,0.028785,719.62
tx-000002915,merchant-03162,electronica,0.911523,22788.07
tx-000002916,merchant-02385,colmado,0.20748,5187.01
tx-000002917,merchant-00471,servicios,0.07184,1795.99
tx-000002918,merchant-01408,servicios,0.519495,12987.37
tx-000002919,merchant-03366,transporte,0.859988,21499.7
tx-000002920,merchant-00908,farmacia,0.158721,3968.03
tx-000002921,merchant-03918,ferreteria,0.53738,13434.5
tx-000002922,merchant-01692,farmacia,0.390215,9755.37
tx-000002923,merchant-02538,transporte,0.870708,21767.7
tx-000002924,merchant-03890,farmacia,0.81826,20456.51
tx-000002925,merchant-02543,otros,0.604502,15112.55
tx-000002926,merchant-03760,electronica,0.204567,5114.17
tx-000002927,merchant-01169,restaurante,0.203299,5082.48
tx-000002928,merchant-03271,otros,0.065842,1646.05
tx-000002929,merchant-04308,servicios,0.807951,20198.77
tx-000002930,merchant-04022,restaurante,0.910482,22762.05
tx-000002931,merchant-00321,ferreteria,0.46377,11594.25
tx-000002932,merchant-03739,servicios,0.289336,7233.4
tx-000002933,merchant-02437,transporte,0.700916,17522.9
tx-000002934,merchant-01435,transporte,0.613802,15345.04
tx-000002935,merchant-03540,restaurante,0.250636,6265.91
tx-000002936,merchant-01503,otros,0.385896,9647.39
tx-000002937,merchant-00358,ropa,0.097343,2433.58
tx-000002938,merchant-01294,electronica,0.885771,22144.27
tx-000002939,merchant-04406,electronica,0.882791,22069.77
tx-000002940,merchant-00547,ropa,0.667324,16683.09
tx-000002941,merchant-03370,colmado,0.908919,22722.97
tx-000002942,merchant-03021,ferreteria,0.122988,3074.7
tx-000002943,merchant-04133,servicios,0.755886,18897.15
tx-000002944,merchant-01351,electronica,0.411276,10281.9
tx-000002945,merchant-00366,restaurante,0.208957,5223.93
tx-000002946,merchant-03784,transporte,0.028664,716.61
tx-000002947,merchant-03272,ropa,0.34497,8624.26
tx-000002948,merchant-00088,electronica,0.397881,9947.02
tx-000002949,merchant-01119,servicios,0.116453,2911.33
tx-000002950,merchant-03804,restaurante,0.670955,16773.87
tx-000002951,merchant-00677,colmado,0.462434,11560.86
tx-000002952,merchant-03586,farmacia,0.657708,16442.71
tx-000002953,merchant-02287,farmacia,0.471846,11796.15
tx-000002954,merchant-00148,otros,0.172248,4306.2
tx-000002955,merchant-02410,ferreteria,0.102314,2557.85
tx-000002956,merchant-03202,farmacia,0.535584,13389.61
tx-000002957,merchant-00092,electronica,0.07943,1985.75
tx-000002958,merchant-02934,farmacia,0.15519,3879.74
tx-000002959,merchant-00283,colmado,0.218239,5455.98
tx-000002960,merchant-00392,colmado,0.217734,5443.35
tx-000002961,merchant-00843,transporte,0.64173,16043.25
tx-000002962,merchant-03638,alimentos,0.690966,17274.15
tx-000002963,merchant-00399,transporte,0.599009,14975.22
tx-000002964,merchant-02046,servicios,0.76758,19189.5
tx-000002965,merchant-01639,ferreteria,0.908939,22723.47
tx-000002966,merchant-00229,alimentos,0.018006,450.16
tx-000002967,merchant-01575,ferreteria,0.338442,8461.06
tx-000002968,merchant-00792,farmacia,0.222127,5553.17
tx-000002969,merchant-00361,transporte,0.724564,18114.09
tx-000002970,merchant-02680,servicios,0.513475,12836.88
tx-000002971,merchant-01553,otros,0.56293,14073.25
tx-000002972,merchant-04438,transporte,0.208705,5217.63
tx-000002973,merchant-00990,ropa,0.939045,23476.13
tx-000002974,merchant-02922,servicios,0.215352,5383.81
tx-000002975,merchant-03295,servicios,0.175274,4381.86
tx-000002976,merchant-01743,restaurante,0.013958,348.94
tx-000002977,merchant-02282,otros,0.221656,5541.4
tx-000002978,merchant-00552,ropa,0.370242,9256.05
tx-000002979,merchant-04906,restaurante,0.412275,10306.87
tx-000002980,merchant-00835,colmado,0.983136,24578.41
tx-000002981,merchant-04663,farmacia,0.791677,19791.93
tx-000002982,merchant-00777,otros,0.253436,6335.91
tx-000002983,merchant-03184,farmacia,0.325706,8142.64
tx-000002984,merchant-02605,restaurante,0.333382,8334.56
tx-000002985,merchant-00145,otros,0.069378,1734.46
tx-000002986,merchant-03678,transporte,0.912279,22806.98
tx-000002987,merchant-01905,colmado,0.512004,12800.1
tx-000002988,merchant-00109,ropa,0.588294,14707.34
tx-000002989,merchant-01017,electronica,0.023171,579.27
tx-000002990,merchant-03511,ropa,0.237924,5948.09
tx-000002991,merchant-00491,farmacia,0.620527,15513.17
tx-000002992,merchant-02430,ropa,0.375774,9394.36
tx-000002993,merchant-01675,alimentos,0.153367,3834.18
tx-000002994,merchant-04900,restaurante,0.239588,5989.7
tx-000002995,merchant-02693,farmacia,0.739777,18494.43
tx-000002996,merchant-00325,colmado,0.27957,6989.25
tx-000002997,merchant-03399,electronica,0.792196,19804.91
tx-000002998,merchant-01877,servicios,0.75105,18776.25
tx-000002999,merchant-01687,colmado,0.344043,8601.07
tx-000003000,merchant-02035,ropa,0.055966,1399.15
tx-000003001,merchant-03126,colmado,0.608847,15221.18
tx-000003002,merchant-03624,alimentos,0.322994,8074.84
tx-000003003,merchant-04028,ferreteria,0.066488,1662.19
tx-000003004,merchant-00427,farmacia,0.953754,23843.85
tx-000003005,merchant-01029,ferreteria,0.938398,23459.95
tx-000003006,merchant-04497,ropa,0.175328,4383.21
tx-000003007,merchant-00641,transporte,0.237838,5945.94
tx-000003008,merchant-02552,farmacia,0.725539,18138.48
tx-000003009,merchant-02007,transporte,0.72223,18055.76
tx-000003010,merchant-02040,electronica,0.178083,4452.07
tx-000003011,merchant-03673,ropa,0.286782,7169.55
tx-000003012,merchant-03942,ferreteria,0.273317,6832.93
tx-000003013,merchant-02946,transporte,0.951111,23777.78
tx-000003014,merchant-03857,restaurante,0.378962,9474.05
tx-000003015,merchant-04993,transporte,0.423852,10596.3
tx-000003016,merchant-03949,alimentos,0.760804,19020.1
tx-000003017,merchant-03502,ferreteria,0.762406,19060.14
tx-000003018,merchant-02460,otros,0.759341,18983.52
tx-000003019,merchant-04529,farmacia,0.538123,13453.08
tx-000003020,merchant-03799,electronica,0.258777,6469.43
tx-000003021,merchant-03074,colmado,0.454696,11367.4
tx-000003022,merchant-00590,servicios,0.606813,15170.33
tx-000003023,merchant-03845,ropa,0.138383,3459.58
tx-000003024,merchant-01554,alimentos,0.156415,3910.38
tx-000003025,merchant-04102,servicios,0.014809,370.22
tx-000003026,merchant-03407,transporte,0.492471,12311.77
tx-000003027,merchant-03057,transporte,0.970552,24263.79
tx-000003028,merchant-04820,ferreteria,0.490572,12264.3
tx-000003029,merchant-00319,ferreteria,0.40997,10249.25
tx-000003030,merchant-04634,farmacia,0.386056,9651.41
tx-000003031,merchant-03575,electronica,0.19584,4895.99
tx-000003032,merchant-02856,colmado,0.771728,19293.2
tx-000003033,merchant-03017,alimentos,0.70971,17742.76
tx-000003034,merchant-03474,ropa,0.651604,16290.11
tx-000003035,merchant-00283,servicios,0.243868,6096.7
tx-000003036,merchant-00232,farmacia,0.631691,15792.27
tx-000003037,merchant-03732,farmacia,0.262808,6570.2
tx-000003038,merchant-04933,otros,0.25578,6394.49
tx-000003039,merchant-01323,alimentos,0.951875,23796.87
tx-000003040,merchant-00757,transporte,0.118497,2962.43
tx-000003041,merchant-04802,ferreteria,0.398872,9971.79
tx-000003042,merchant-01547,transporte,0.5195,12987.5
tx-000003043,merchant-03497,electronica,0.167492,4187.3
tx-000003044,merchant-04102,colmado,0.692453,17311.33
tx-000003045,merchant-03136,otros,0.659169,16479.23
tx-000003046,merchant-03372,ferreteria,0.309363,7734.07
tx-000003047,merchant-04691,servicios,0.111056,2776.39
tx-000003048,merchant-02204,ropa,0.8146,20364.99
tx-000003049,merchant-03261,electronica,0.930157,23253.92
tx-000003050,merchant-01380,restaurante,0.008408,210.19
tx-000003051,merchant-00573,transporte,0.003576,89.39
tx-000003052,merchant-02363,transporte,0.525912,13147.8
tx-000003053,merchant-03070,farmacia,0.172293,4307.32
tx-000003054,merchant-01623,restaurante,0.704639,17615.98
tx-000003055,merchant-00904,restaurante,0.18362,4590.51
tx-000003056,merchant-01742,farmacia,0.567958,14198.95
tx-000003057,merchant-01497,ropa,0.202539,5063.47
tx-000003058,merchant-03349,restaurante,0.260833,6520.83
tx-000003059,merchant-00895,farmacia,0.627584,15689.59
tx-000003060,merchant-00703,transporte,0.08165,2041.25
tx-000003061,merchant-00527,servicios,0.126432,3160.81
tx-000003062,merchant-01924,restaurante,0.031607,790.18
tx-000003063,merchant-00826,alimentos,0.486224,12155.6
tx-000003064,merchant-00060,otros,0.062934,1573.36
tx-000003065,merchant-00343,ferreteria,0.789629,19740.72
tx-000003066,merchant-00060,transporte,0.212646,5316.16
tx-000003067,merchant-02178,restaurante,0.603779,15094.47
tx-000003068,merchant-02761,otros,0.474285,11857.13
tx-000003069,merchant-03038,servicios,0.430595,10764.87
tx-000003070,merchant-01963,servicios,0.999446,24986.16
tx-000003071,merchant-03101,otros,0.665748,16643.7
tx-000003072,merchant-02917,servicios,0.059127,1478.18
tx-000003073,merchant-00026,restaurante,0.806658,20166.44
tx-000003074,merchant-03292,farmacia,0.8708,21770.01
tx-000003075,merchant-01007,colmado,0.027629,690.73
tx-000003076,merchant-02037,servicios,0.280908,7022.71
tx-000003077,merchant-03893,colmado,0.453014,11325.36
tx-000003078,merchant-01540,alimentos,0.4143,10357.51
tx-000003079,merchant-02640,alimentos,0.986209,24655.23
tx-000003080,merchant-00375,servicios,0.63451,15862.74
tx-000003081,merchant-01914,otros,0.678574,16964.34
tx-000003082,merchant-00667,servicios,0.485567,12139.18
tx-000003083,merchant-03901,ferreteria,0.42906,10726.51
tx-000003084,merchant-02408,otros,0.734809,18370.23
tx-000003085,merchant-01173,colmado,0.196687,4917.17
tx-000003086,merchant-04134,alimentos,0.876482,21912.04
tx-000003087,merchant-00714,electronica,0.129606,3240.14
tx-000003088,merchant-04496,restaurante,0.83269,20817.24
tx-000003089,merchant-03656,ferreteria,0.169717,4242.92
tx-000003090,merchant-04430,ropa,0.483204,12080.11
tx-000003091,merchant-01397,ferreteria,0.244869,6121.73
tx-000003092,merchant-00240,farmacia,0.107259,2681.47
tx-000003093,merchant-02675,transporte,0.929146,23228.64
tx-000003094,merchant-01806,electronica,0.766776,19169.41
tx-000003095,merchant-01009,farmacia,0.666601,16665.02
tx-000003096,merchant-04031,ferreteria,0.922891,23072.27
tx-000003097,merchant-02727,ropa,0.795949,19898.73
tx-000003098,merchant-04921,ferreteria,0.931916,23297.91
tx-000003099,merchant-03089,transporte,0.644698,16117.46
tx-000003100,merchant-04604,transporte,0.654612,16365.3
tx-000003101,merchant-01832,electronica,0.80883,20220.76
tx-000003102,merchant-00719,ferreteria,0.117458,2936.46
tx-000003103,merchant-04852,ropa,0.090961,2274.03
tx-000003104,merchant-00952,otros,0.745128,18628.21
tx-000003105,merchant-02568,transporte,0.369002,9225.04
tx-000003106,merchant-00014,electronica,0.577763,14444.08
tx-000003107,merchant-04388,ropa,0.063761,1594.03
tx-000003108,merchant-03471,servicios,0.847424,21185.61
tx-000003109,merchant-01035,colmado,0.771738,19293.46
tx-000003110,merchant-04840,ropa,0.664415,16610.38
tx-000003111,merchant-00076,colmado,0.108373,2709.32
tx-000003112,merchant-02589,farmacia,0.852657,21316.43
tx-000003113,merchant-02432,ropa,0.816516,20412.89
tx-000003114,merchant-03734,farmacia,0.500833,12520.82
tx-000003115,merchant-01195,alimentos,0.602262,15056.56
tx-000003116,merchant-02531,colmado,0.599682,14992.06
tx-000003117,merchant-01012,electronica,0.990354,24758.86
tx-000003118,merchant-04702,restaurante,0.996855,24921.37
tx-000003119,merchant-01768,restaurante,0.631815,15795.37
tx-000003120,merchant-03086,alimentos,0.292912,7322.8
tx-000003121,merchant-02730,farmacia,0.98118,24529.51
tx-000003122,merchant-01726,ropa,0.828229,20705.72
tx-000003123,merchant-00431,farmacia,0.701006,17525.16
tx-000003124,merchant-03210,electronica,0.857065,21426.63
tx-000003125,merchant-01305,alimentos,0.984421,24610.52
tx-000003126,merchant-02765,transporte,0.548847,13721.18
tx-000003127,merchant-02854,transporte,0.678543,16963.57
tx-000003128,merchant-04325,electronica,0.392281,9807.02
tx-000003129,merchant-01599,colmado,0.283799,7094.98
tx-000003130,merchant-01073,servicios,0.394985,9874.62
tx-000003131,merchant-04755,alimentos,0.752762,18819.05
tx-000003132,merchant-02491,restaurante,0.85011,21252.75
tx-000003133,merchant-04729,farmacia,0.655325,16383.12
tx-000003134,merchant-03953,electronica,0.443,11075.0
tx-000003135,merchant-01719,ropa,0.897424,22435.59
tx-000003136,merchant-01603,alimentos,0.80475,20118.74
tx-000003137,merchant-04716,ferreteria,0.363501,9087.53
tx-000003138,merchant-01210,transporte,0.678961,16974.03
tx-000003139,merchant-03499,farmacia,0.950497,23762.43
tx-000003140,merchant-00787,servicios,0.926133,23153.33
tx-000003141,merchant-01472,alimentos,0.97421,24355.26
tx-000003142,merchant-04223,servicios,0.119112,2977.8
tx-000003143,merchant-01218,transporte,0.594206,14855.14
tx-000003144,merchant-00974,ropa,0.246511,6162.78
tx-000003145,merchant-02480,otros,0.397852,9946.29
tx-000003146,merchant-03076,ferreteria,0.954646,23866.16
tx-000003147,merchant-03131,electronica,0.778175,19454.38
tx-000003148,merchant-03647,servicios,0.633069,15826.72
tx-000003149,merchant-00956,ferreteria,0.013579,339.48
tx-000003150,merchant-04176,ropa,0.123808,3095.19
tx-000003151,merchant-04694,otros,0.024981,624.52
tx-000003152,merchant-00775,otros,0.480539,12013.48
tx-000003153,merchant-03967,transporte,0.182734,4568.36
tx-000003154,merchant-01026,ferreteria,0.299767,7494.17
tx-000003155,merchant-04404,farmacia,0.326578,8164.46
tx-000003156,merchant-00162,transporte,0.40652,10163.0
tx-000003157,merchant-04395,colmado,0.556948,13923.7
tx-000003158,merchant-04251,otros,0.489586,12239.65
tx-000003159,merchant-01017,ropa,0.539904,13497.6
tx-000003160,merchant-00962,farmacia,0.96575,24143.74
tx-000003161,merchant-01475,alimentos,0.86228,21556.99
tx-000003162,merchant-02575,ferreteria,0.555612,13890.31
tx-000003163,merchant-04712,ropa,0.041065,1026.62
tx-000003164,merchant-00720,colmado,0.653335,16333.38
tx-000003165,merchant-00287,ferreteria,0.258247,6456.17
tx-000003166,merchant-04147,electronica,0.979968,24499.21
tx-000003167,merchant-04460,farmacia,0.364832,9120.81
tx-000003168,merchant-00001,ropa,0.424205,10605.13
tx-000003169,merchant-04256,electronica,0.301999,7549.97
tx-000003170,merchant-03645,farmacia,0.659839,16495.98
tx-000003171,merchant-02564,colmado,0.577917,14447.93
tx-000003172,merchant-02885,otros,0.910962,22774.04
tx-000003173,merchant-01720,ferreteria,0.539133,13478.33
tx-000003174,merchant-00367,ropa,0.663292,16582.29
tx-000003175,merchant-01161,electronica,0.03866,966.51
tx-000003176,merchant-01764,farmacia,0.856373,21409.33
tx-000003177,merchant-01770,otros,0.60294,15073.5
tx-000003178,merchant-01053,otros,0.360347,9008.68
tx-000003179,merchant-04505,electronica,0.423171,10579.27
tx-000003180,merchant-01338,transporte,0.262153,6553.83
tx-000003181,merchant-02083,transporte,0.457156,11428.89
tx-000003182,merchant-01174,colmado,0.940319,23507.97
tx-000003183,merchant-02207,ropa,0.205355,5133.88
tx-000003184,merchant-04618,colmado,0.715016,17875.4
tx-000003185,merchant-03439,farmacia,0.605735,15143.37
tx-000003186,merchant-03553,transporte,0.317728,7943.19
tx-000003187,merchant-04945,ropa,0.027858,696.45
tx-000003188,merchant-01021,colmado,0.07937,1984.24
tx-000003189,merchant-04493,transporte,0.11177,2794.25
tx-000003190,merchant-00729,servicios,0.067828,1695.69
tx-000003191,merchant-02239,farmacia,0.909427,22735.67
tx-000003192,merchant-01850,electronica,0.869118,21727.94
tx-000003193,merchant-03090,ropa,0.011844,296.09
tx-000003194,merchant-00861,ferreteria,0.379875,9496.88
tx-000003195,merchant-02512,otros,0.17738,4434.5
tx-000003196,merchant-04011,ferreteria,0.8217,20542.51
tx-000003197,merchant-04688,electronica,0.529902,13247.55
tx-000003198,merchant-04977,ferreteria,0.552439,13810.98
tx-000003199,merchant-01399,servicios,0.896777,22419.43
tx-000003200,merchant-03192,farmacia,0.946617,23665.43
tx-000003201,merchant-04356,colmado,0.346482,8662.06
tx-000003202,merchant-03299,restaurante,0.595428,14885.69
tx-000003203,merchant-02123,alimentos,0.593126,14828.14
tx-000003204,merchant-01274,farmacia,0.687285,17182.13
tx-000003205,merchant-04650,electronica,0.144385,3609.62
tx-000003206,merchant-03033,ropa,0.054759,1368.97
tx-000003207,merchant-03427,restaurante,0.678859,16971.47
tx-000003208,merchant-02900,restaurante,0.184738,4618.46
tx-000003209,merchant-02260,transporte,0.503225,12580.62
tx-000003210,merchant-01875,electronica,0.521554,13038.84
tx-000003211,merchant-00713,electronica,0.636364,15909.1
tx-000003212,merchant-02562,ferreteria,0.407702,10192.54
tx-000003213,merchant-00629,ropa,0.635407,15885.18
tx-000003214,merchant-01353,otros,0.944977,23624.43
tx-000003215,merchant-02342,colmado,0.059297,1482.42
tx-000003216,merchant-00088,transporte,0.92973,23243.25
tx-000003217,merchant-01118,restaurante,0.677679,16941.97
tx-000003218,merchant-04362,ferreteria,0.49881,12470.24
tx-000003219,merchant-01558,alimentos,0.40666,10166.51
tx-000003220,merchant-04378,servicios,0.714732,17868.29
tx-000003221,merchant-04327,otros,0.245738,6143.44
tx-000003222,merchant-03676,farmacia,0.044271,1106.78
tx-000003223,merchant-04289,ropa,0.675173,16879.33
tx-000003224,merchant-03007,farmacia,0.176464,4411.61
tx-000003225,merchant-00418,transporte,0.514657,12866.43
tx-000003226,merchant-01397,servicios,0.496517,12412.92
tx-000003227,merchant-02769,ropa,0.969789,24244.72
tx-000003228,merchant-00966,electronica,0.832063,20801.57
tx-000003229,merchant-02405,electronica,0.30058,7514.49
tx-000003230,merchant-04660,transporte,0.21464,5366.0
tx-000003231,merchant-02498,colmado,0.219028,5475.71
tx-000003232,merchant-00291,restaurante,0.826076,20651.9
tx-000003233,merchant-04000,alimentos,0.892709,22317.72
tx-000003234,merchant-03772,servicios,0.357032,8925.81
tx-000003235,merchant-00878,alimentos,0.299754,7493.85
tx-000003236,merchant-01526,transporte,0.351022,8775.56
tx-000003237,merchant-00831,transporte,0.355823,8895.58
tx-000003238,merchant-00695,colmado,0.493062,12326.55
tx-000003239,merchant-01260,transporte,0.51529,12882.25
tx-000003240,merchant-03993,alimentos,0.125595,3139.87
tx-000003241,merchant-02050,ropa,0.157319,3932.98
tx-000003242,merchant-03067,electronica,0.471757,11793.93
tx-000003243,merchant-01493,colmado,0.365767,9144.17
tx-000003244,merchant-00891,restaurante,0.811921,20298.02
tx-000003245,merchant-03600,farmacia,0.656967,16424.18
tx-000003246,merchant-03556,alimentos,0.141595,3539.87
tx-000003247,merchant-01626,ferreteria,0.360518,9012.96
tx-000003248,merchant-00330,farmacia,0.191188,4779.7
tx-000003249,merchant-02714,alimentos,0.395757,9893.92
tx-000003250,merchant-01631,restaurante,0.161992,4049.8
tx-000003251,merchant-02178,ferreteria,0.95978,23994.49
tx-000003252,merchant-04507,restaurante,0.422253,10556.33
tx-000003253,merchant-01044,servicios,0.80022,20005.51
tx-000003254,merchant-03276,colmado,0.751588,18789.69
tx-000003255,merchant-03186,farmacia,0.726542,18163.56
tx-000003256,merchant-00884,alimentos,0.111513,2787.83
tx-000003257,merchant-02820,colmado,0.127871,3196.78
tx-000003258,merchant-01938,alimentos,0.015622,390.54
tx-000003259,merchant-02803,transporte,0.678954,16973.84
tx-000003260,merchant-00066,transporte,0.976486,24412.14
tx-000003261,merchant-02312,restaurante,0.481233,12030.82
tx-000003262,merchant-03514,ropa,0.08445,2111.24
tx-000003263,merchant-04189,farmacia,0.618378,15459.45
tx-000003264,merchant-00943,electronica,0.250968,6274.2
tx-000003265,merchant-02027,transporte,0.994268,24856.71
tx-000003266,merchant-00845,colmado,0.200016,5000.39
tx-000003267,merchant-01546,otros,0.611878,15296.96
tx-000003268,merchant-01219,ropa,0.62965,15741.25
tx-000003269,merchant-03288,alimentos,0.12222,3055.51
tx-000003270,merchant-01575,farmacia,0.275314,6882.85
tx-000003271,merchant-01636,ferreteria,0.42745,10686.26
tx-000003272,merchant-03116,transporte,0.864622,21615.54
tx-000003273,merchant-01896,ropa,0.525921,13148.03
tx-000003274,merchant-03926,alimentos,0.337506,8437.64
tx-000003275,merchant-00424,electronica,0.510844,12771.1
tx-000003276,merchant-02979,electronica,0.111835,2795.87
tx-000003277,merchant-03425,ropa,0.943113,23577.82
tx-000003278,merchant-00390,farmacia,0.321201,8030.03
tx-000003279,merchant-00428,servicios,0.042807,1070.18
tx-000003280,merchant-03868,electronica,0.213554,5338.84
tx-000003281,merchant-00826,transporte,0.908665,22716.63
tx-000003282,merchant-04025,servicios,0.18647,4661.76
tx-000003283,merchant-00914,ferreteria,0.335614,8390.34
tx-000003284,merchant-04521,farmacia,0.66961,16740.24
tx-000003285,merchant-02961,otros,0.332549,8313.73
tx-000003286,merchant-03045,ropa,0.529804,13245.11
tx-000003287,merchant-01721,otros,0.650948,16273.7
tx-000003288,merchant-00872,farmacia,0.385281,9632.03
tx-000003289,merchant-04931,ferreteria,0.6303,15757.49
tx-000003290,merchant-01561,ropa,0.042957,1073.92
tx-000003291,merchant-00809,ferreteria,0.705251,17631.27
tx-000003292,merchant-02810,electronica,0.941934,23548.36
tx-000003293,merchant-01655,colmado,0.7259,18147.5
tx-000003294,merchant-00359,farmacia,0.721328,18033.2
tx-000003295,merchant-04510,electronica,0.193323,4833.08
tx-000003296,merchant-04591,servicios,0.891804,22295.09
tx-000003297,merchant-03674,ferreteria,0.895123,22378.08
tx-000003298,merchant-00555,restaurante,0.911028,22775.69
tx-000003299,merchant-04128,alimentos,0.420166,10504.15
tx-000003300,merchant-02246,farmacia,0.168601,4215.03
tx-000003301,merchant-04639,alimentos,0.291077,7276.93
tx-000003302,merchant-01559,transporte,0.794802,19870.04
tx-000003303,merchant-04362,colmado,0.496036,12400.9
tx-000003304,merchant-01356,restaurante,0.971595,24289.88
tx-000003305,merchant-03147,colmado,0.751226,18780.66
tx-000003306,merchant-03284,otros,0.779814,19495.34
tx-000003307,merchant-01508,alimentos,0.272951,6823.78
tx-000003308,merchant-01785,otros,0.161683,4042.08
tx-000003309,merchant-04201,restaurante,0.697328,17433.21
tx-000003310,merchant-04302,electronica,0.50481,12620.25
tx-000003311,merchant-01805,electronica,0.304803,7620.08
tx-000003312,merchant-04524,ferreteria,0.708838,17720.95
tx-000003313,merchant-00374,colmado,0.172767,4319.17
tx-000003314,merchant-00321,farmacia,0.23974,5993.51
tx-000003315,merchant-02276,farmacia,0.942162,23554.05
tx-000003316,merchant-00423,ropa,0.271894,6797.35
tx-000003317,merchant-01721,colmado,0.989557,24738.93
tx-000003318,merchant-02847,otros,0.117952,2948.81
tx-000003319,merchant-02659,ferreteria,0.972274,24306.85
tx-000003320,merchant-04500,electronica,0.946535,23663.37
tx-000003321,merchant-03346,otros,0.722636,18065.89
tx-000003322,merchant-00470,alimentos,0.296306,7407.64
tx-000003323,merchant-01797,electronica,0.824284,20607.1
tx-000003324,merchant-00129,colmado,0.178382,4459.54
tx-000003325,merchant-04779,ferreteria,0.658003,16450.07
tx-000003326,merchant-03130,electronica,0.723157,18078.92
tx-000003327,merchant-04951,colmado,0.870286,21757.14
tx-000003328,merchant-03623,ropa,0.207747,5193.67
tx-000003329,merchant-01671,otros,0.325614,8140.36
tx-000003330,merchant-03240,farmacia,0.630541,15763.53
tx-000003331,merchant-03555,servicios,0.447164,11179.09
tx-000003332,merchant-03925,ferreteria,0.150038,3750.94
tx-000003333,merchant-03764,farmacia,0.496969,12424.23
tx-000003334,merchant-01443,ropa,0.815967,20399.17
tx-000003335,merchant-01478,electronica,0.570519,14262.97
tx-000003336,merchant-01335,farmacia,0.023005,575.13
tx-000003337,merchant-04980,ropa,0.817864,20446.61
tx-000003338,merchant-00591,transporte,0.071315,1782.88
tx-000003339,merchant-03298,ferreteria,0.246763,6169.08
tx-000003340,merchant-01125,alimentos,0.724858,18121.46
tx-000003341,merchant-03096,transporte,0.604087,15102.17
tx-000003342,merchant-00112,alimentos,0.022674,566.86
tx-000003343,merchant-00685,electronica,0.133915,3347.87
tx-000003344,merchant-04913,alimentos,0.14435,3608.76
tx-000003345,merchant-00077,ferreteria,0.792816,19820.39
tx-000003346,merchant-02773,ferreteria,0.543286,13582.14
tx-000003347,merchant-03936,otros,0.203917,5097.92
tx-000003348,merchant-01337,electronica,0.892606,22315.14
tx-000003349,merchant-01266,ropa,0.333093,8327.32
tx-000003350,merchant-02192,colmado,0.057764,1444.09
tx-000003351,merchant-00365,ferreteria,0.124829,3120.73
tx-000003352,merchant-00841,colmado,0.545553,13638.82
tx-000003353,merchant-03403,farmacia,0.886684,22167.1
tx-000003354,merchant-01838,alimentos,0.003208,80.2
tx-000003355,merchant-03158,farmacia,0.228222,5705.54
tx-000003356,merchant-02350,ropa,0.354603,8865.08
tx-000003357,merchant-03152,ferreteria,0.921848,23046.19
tx-000003358,merchant-00903,ropa,0.492837,12320.92
tx-000003359,merchant-02309,servicios,0.103533,2588.32
tx-000003360,merchant-02734,ferreteria,0.078137,1953.43
tx-000003361,merchant-00695,alimentos,0.361772,9044.31
tx-000003362,merchant-01459,transporte,0.605297,15132.43
tx-000003363,merchant-04913,farmacia,0.53142,13285.49
tx-000003364,merchant-01231,electronica,0.680074,17001.86
tx-000003365,merchant-02352,servicios,0.625509,15637.72
tx-000003366,merchant-02221,restaurante,0.875651,21891.28
tx-000003367,merchant-02175,ferreteria,0.662408,16560.21
tx-000003368,merchant-01218,farmacia,0.789278,19731.96
tx-000003369,merchant-03200,restaurante,0.321616,8040.39
tx-000003370,merchant-03920,ferreteria,0.721901,18047.52
tx-000003371,merchant-03502,electronica,0.114938,2873.44
tx-000003372,merchant-02647,farmacia,0.146378,3659.46
tx-000003373,merchant-03155,servicios,0.183508,4587.71
tx-000003374,merchant-03473,restaurante,0.320677,8016.93
tx-000003375,merchant-03392,otros,0.694034,17350.85
tx-000003376,merchant-02732,farmacia,0.793914,19847.86
tx-000003377,merchant-02015,transporte,0.802537,20063.42
tx-000003378,merchant-04073,colmado,0.419822,10495.56
tx-000003379,merchant-04363,colmado,0.534703,13367.58
tx-000003380,merchant-03151,ferreteria,0.821761,20544.03
tx-000003381,merchant-03456,colmado,0.581802,14545.05
tx-000003382,merchant-01797,ferreteria,0.578721,14468.02
tx-000003383,merchant-00024,ropa,0.236723,5918.07
tx-000003384,merchant-00141,servicios,0.993918,24847.94
tx-000003385,merchant-01095,ferreteria,0.559258,13981.44
tx-000003386,merchant-02862,servicios,0.061458,1536.46
tx-000003387,merchant-01142,electronica,0.849054,21226.35
tx-000003388,merchant-04518,transporte,0.461468,11536.69
tx-000003389,merchant-01840,alimentos,0.244012,6100.31
tx-000003390,merchant-00961,farmacia,0.747501,18687.53
tx-000003391,merchant-00216,transporte,0.378706,9467.65
tx-000003392,merchant-00869,otros,0.372941,9323.52
tx-000003393,merchant-04866,farmacia,0.075623,1890.57
tx-000003394,merchant-02993,farmacia,0.032125,803.13
tx-000003395,merchant-00632,alimentos,0.080835,2020.88
tx-000003396,merchant-03412,farmacia,0.570045,14251.12
tx-000003397,merchant-03849,farmacia,0.765887,19147.17
tx-000003398,merchant-02454,restaurante,0.748611,18715.27
tx-000003399,merchant-02764,restaurante,0.4127,10317.49
tx-000003400,merchant-00109,electronica,0.781834,19545.85
tx-000003401,merchant-00492,alimentos,0.113044,2826.1
tx-000003402,merchant-01422,colmado,0.604965,15124.13
tx-000003403,merchant-03248,transporte,0.162028,4050.7
tx-000003404,merchant-03722,colmado,0.680544,17013.59
tx-000003405,merchant-02114,otros,0.711984,17799.6
tx-000003406,merchant-01863,transporte,0.502869,12571.72
tx-000003407,merchant-02227,ferreteria,0.931587,23289.68
tx-000003408,merchant-01026,ropa,0.522458,13061.45
tx-000003409,merchant-00459,ropa,0.401602,10040.04
tx-000003410,merchant-04582,otros,0.393506,9837.66
tx-000003411,merchant-03838,restaurante,0.84203,21050.74
tx-000003412,merchant-03319,transporte,0.314563,7864.08
tx-000003413,merchant-03044,transporte,0.166495,4162.37
tx-000003414,merchant-00889,ferreteria,0.196341,4908.53
tx-000003415,merchant-04942,servicios,0.079653,1991.32
tx-000003416,merchant-02312,farmacia,0.029993,749.82
tx-000003417,merchant-00536,ropa,0.542485,13562.12
tx-000003418,merchant-02533,ropa,0.597916,14947.91
tx-000003419,merchant-00266,ropa,0.552588,13814.7
tx-000003420,merchant-04671,otros,0.27063,6765.74
tx-000003421,merchant-03964,alimentos,0.046785,1169.62
tx-000003422,merchant-00764,electronica,0.049953,1248.82
tx-000003423,merchant-02922,electronica,0.010462,261.54
tx-000003424,merchant-04098,ropa,0.958822,23970.54
tx-000003425,merchant-03201,servicios,0.315844,7896.09
tx-000003426,merchant-00798,servicios,0.973903,24347.58
tx-000003427,merchant-04126,ferreteria,0.408472,10211.8
tx-000003428,merchant-01231,alimentos,0.503173,12579.32
tx-000003429,merchant-03131,restaurante,0.588001,14700.03
tx-000003430,merchant-00307,electronica,0.587186,14679.64
tx-000003431,merchant-03794,ferreteria,0.1629,4072.51
tx-000003432,merchant-00765,ropa,0.885434,22135.84
tx-000003433,merchant-01154,farmacia,0.884633,22115.83
tx-000003434,merchant-04110,colmado,0.99343,24835.74
tx-000003435,merchant-04987,colmado,0.992294,24807.36
tx-000003436,merchant-02797,restaurante,0.930367,23259.17
tx-000003437,merchant-02778,electronica,0.785781,19644.53
tx-000003438,merchant-03530,alimentos,0.361596,9039.89
tx-000003439,merchant-03176,ropa,0.890898,22272.46
tx-000003440,merchant-04972,ferreteria,0.210403,5260.07
tx-000003441,merchant-04645,restaurante,0.9581,23952.49
tx-000003442,merchant-00123,farmacia,0.099211,2480.28
tx-000003443,merchant-02536,colmado,0.766785,19169.62
tx-000003444,merchant-00715,restaurante,0.867799,21694.97
tx-000003445,merchant-02570,farmacia,0.095926,2398.14
tx-000003446,merchant-01323,ferreteria,0.934188,23354.7
tx-000003447,merchant-02977,servicios,0.281557,7038.93
tx-000003448,merchant-01468,restaurante,0.091051,2276.27
tx-000003449,merchant-03877,electronica,0.259428,6485.71
tx-000003450,merchant-03622,farmacia,0.76362,19090.5
tx-000003451,merchant-04660,restaurante,0.93995,23498.75
tx-000003452,merchant-02349,transporte,0.041514,1037.84
tx-000003453,merchant-01057,restaurante,0.410215,10255.38
tx-000003454,merchant-02570,servicios,0.367999,9199.97
tx-000003455,merchant-03385,colmado,0.085324,2133.09
tx-000003456,merchant-00350,otros,0.451192,11279.8
tx-000003457,merchant-00468,ropa,0.977477,24436.92
tx-000003458,merchant-04595,alimentos,0.700346,17508.65
tx-000003459,merchant-00863,electronica,0.156253,3906.33
tx-000003460,merchant-04671,transporte,0.37707,9426.75
tx-000003461,merchant-01828,transporte,0.854122,21353.04
tx-000003462,merchant-00766,servicios,0.87441,21860.26
tx-000003463,merchant-04384,restaurante,0.466946,11673.65
tx-000003464,merchant-01477,ferreteria,0.110901,2772.52
tx-000003465,merchant-03252,transporte,0.917626,22940.64
tx-000003466,merchant-02693,ferreteria,0.201072,5026.8
tx-000003467,merchant-04951,restaurante,0.31865,7966.26
tx-000003468,merchant-03902,ferreteria,0.21421,5355.25
tx-000003469,merchant-00314,colmado,0.279818,6995.46
tx-000003470,merchant-03850,farmacia,0.15743,3935.74
tx-000003471,merchant-02623,otros,0.640936,16023.4
tx-000003472,merchant-04925,transporte,0.033261,831.52
tx-000003473,merchant-02962,transporte,0.064276,1606.89
tx-000003474,merchant-01749,alimentos,0.978604,24465.09
tx-000003475,merchant-00188,transporte,0.21307,5326.75
tx-000003476,merchant-01443,ferreteria,0.271308,6782.71
tx-000003477,merchant-02244,transporte,0.143454,3586.36
tx-000003478,merchant-03699,transporte,0.083546,2088.64
tx-000003479,merchant-02126,farmacia,0.525728,13143.21
tx-000003480,merchant-00758,transporte,0.830888,20772.2
tx-000003481,merchant-02433,farmacia,0.343335,8583.38
tx-000003482,merchant-03434,restaurante,0.200208,5005.2
tx-000003483,merchant-01317,transporte,0.476548,11913.71
tx-000003484,merchant-04673,transporte,0.355983,8899.57
tx-000003485,merchant-04595,otros,0.82337,20584.24
tx-000003486,merchant-04739,otros,0.200163,5004.07
tx-000003487,merchant-02593,alimentos,0.146328,3658.2
tx-000003488,merchant-03758,farmacia,0.152205,3805.13
tx-000003489,merchant-02593,ferreteria,0.500447,12511.17
tx-000003490,merchant-03330,electronica,0.792433,19810.82
tx-000003491,merchant-00031,restaurante,0.52165,13041.26
tx-000003492,merchant-01030,restaurante,0.943437,23585.93
tx-000003493,merchant-04739,ferreteria,0.639638,15990.96
tx-000003494,merchant-01538,transporte,0.038413,960.32
tx-000003495,merchant-01361,otros,0.697053,17426.33
tx-000003496,merchant-02852,ropa,0.378802,9470.04
tx-000003497,merchant-04726,alimentos,0.952472,23811.8
tx-000003498,merchant-02981,alimentos,0.371516,9287.9
tx-000003499,merchant-02515,colmado,0.30334,7583.51
tx-000003500,merchant-01022,restaurante,0.819414,20485.34
tx-000003501,merchant-03736,transporte,0.649614,16240.35
tx-000003502,merchant-02886,colmado,0.411566,10289.15
tx-000003503,merchant-02752,ferreteria,0.426998,10674.94
tx-000003504,merchant-03759,transporte,0.926496,23162.4
tx-000003505,merchant-04529,otros,0.374375,9359.38
tx-000003506,merchant-03571,transporte,0.164332,4108.3
tx-000003507,merchant-03584,electronica,0.286458,7161.45
tx-000003508,merchant-00813,ferreteria,0.702688,17567.21
tx-000003509,merchant-00851,ferreteria,0.806328,20158.2
tx-000003510,merchant-03370,ferreteria,0.650325,16258.13
tx-000003511,merchant-04463,ferreteria,0.497412,12435.3
tx-000003512,merchant-04124,otros,0.634258,15856.45
tx-000003513,merchant-02375,transporte,0.806259,20156.47
tx-000003514,merchant-03725,colmado,0.213447,5336.18
tx-000003515,merchant-01603,restaurante,0.382318,9557.94
tx-000003516,merchant-02873,restaurante,0.95065,23766.26
tx-000003517,merchant-03243,alimentos,0.414109,10352.72
tx-000003518,merchant-01835,colmado,0.939738,23493.44
tx-000003519,merchant-02167,electronica,0.285037,7125.93
tx-000003520,merchant-03398,ropa,0.838807,20970.18
tx-000003521,merchant-03397,alimentos,0.006149,153.73
tx-000003522,merchant-01257,servicios,0.017499,437.48
tx-000003523,merchant-04252,otros,0.841088,21027.2
tx-000003524,merchant-01397,otros,0.318836,7970.9
tx-000003525,merchant-01982,colmado,0.992844,24821.09
tx-000003526,merchant-01579,otros,0.973543,24338.58
tx-000003527,merchant-00423,otros,0.645146,16128.64
tx-000003528,merchant-03199,farmacia,0.430244,10756.11
tx-000003529,merchant-02607,colmado,0.404313,10107.82
tx-000003530,merchant-01893,ferreteria,0.160127,4003.17
tx-000003531,merchant-01035,colmado,0.710605,17765.12
tx-000003532,merchant-04727,transporte,0.120136,3003.4
tx-000003533,merchant-02132,colmado,0.843345,21083.62
tx-000003534,merchant-02642,ropa,0.160735,4018.38
tx-000003535,merchant-00211,transporte,0.095068,2376.7
tx-000003536,merchant-04861,farmacia,0.013515,337.88
tx-000003537,merchant-04454,ferreteria,0.029763,744.07
tx-000003538,merchant-00208,farmacia,0.57265,14316.26
tx-000003539,merchant-02934,farmacia,0.983447,24586.18
tx-000003540,merchant-01817,electronica,0.241242,6031.06
tx-000003541,merchant-02010,transporte,0.195441,4886.03
tx-000003542,merchant-00424,electronica,0.770851,19271.27
tx-000003543,merchant-01178,alimentos,0.084798,2119.94
tx-000003544,merchant-04747,ferreteria,0.63911,15977.74
tx-000003545,merchant-04882,ferreteria,0.11271,2817.74
tx-000003546,merchant-02314,electronica,0.108862,2721.56
tx-000003547,merchant-00761,ferreteria,0.894816,22370.39
tx-000003548,merchant-02961,ropa,0.495256,12381.41
tx-000003549,merchant-04023,alimentos,0.392019,9800.47
tx-000003550,merchant-03986,ferreteria,0.414918,10372.94
tx-000003551,merchant-03440,transporte,0.211875,5296.88
tx-000003552,merchant-03694,farmacia,0.889934,22248.35
tx-000003553,merchant-00084,farmacia,0.181447,4536.17
tx-000003554,merchant-04970,alimentos,0.660347,16508.68
tx-000003555,merchant-02809,servicios,0.118973,2974.32
tx-000003556,merchant-04916,colmado,0.484943,12123.58
tx-000003557,merchant-04275,electronica,0.007004,175.11
tx-000003558,merchant-01580,otros,0.92673,23168.25
tx-000003559,merchant-00189,colmado,0.031496,787.4
tx-000003560,merchant-01249,ropa,0.512721,12818.03
tx-000003561,merchant-00941,ropa,0.86714,21678.51
tx-000003562,merchant-01136,ropa,0.031439,785.97
tx-000003563,merchant-01037,electronica,0.085276,2131.9
tx-000003564,merchant-01633,ferreteria,0.275119,6877.98
tx-000003565,merchant-04518,electronica,0.349856,8746.41
tx-000003566,merchant-04062,transporte,0.46811,11702.74
tx-000003567,merchant-03277,ropa,0.513631,12840.78
tx-000003568,merchant-01622,electronica,0.251593,6289.82
tx-000003569,merchant-00843,otros,0.961948,24048.69
tx-000003570,merchant-04814,electronica,0.793567,19839.17
tx-000003571,merchant-01687,restaurante,0.167322,4183.05
tx-000003572,merchant-03655,transporte,0.434605,10865.12
tx-000003573,merchant-02226,servicios,0.597137,14928.43
tx-000003574,merchant-04975,transporte,0.623665,15591.63
tx-000003575,merchant-04647,servicios,0.430454,10761.36
tx-000003576,merchant-00527,restaurante,0.375212,9380.31
tx-000003577,merchant-00277,colmado,0.168914,4222.86
tx-000003578,merchant-03358,electronica,0.254558,6363.94
tx-000003579,merchant-04346,servicios,0.604674,15116.86
tx-000003580,merchant-00940,farmacia,0.39951,9987.75
tx-000003581,merchant-03518,farmacia,0.809422,20235.56
tx-000003582,merchant-00596,ropa,0.359029,8975.73
tx-000003583,merchant-03048,farmacia,0.657641,16441.02
tx-000003584,merchant-01002,alimentos,0.779956,19498.89
tx-000003585,merchant-00090,servicios,0.319952,7998.8
tx-000003586,merchant-04649,servicios,0.215345,5383.62
tx-000003587,merchant-04601,ferreteria,0.898946,22473.66
tx-000003588,merchant-04930,ropa,0.38682,9670.49
tx-000003589,merchant-00844,colmado,0.528208,13205.2
tx-000003590,merchant-04980,ferreteria,0.279492,6987.31
tx-000003591,merchant-03455,transporte,0.5748,14370.01
tx-000003592,merchant-02623,ropa,0.319148,7978.69
tx-000003593,merchant-04047,restaurante,0.198729,4968.23
tx-000003594,merchant-02249,transporte,0.048698,1217.46
tx-000003595,merchant-03710,farmacia,0.12102,3025.51
tx-000003596,merchant-04843,transporte,0.602228,15055.7
tx-000003597,merchant-00175,electronica,0.237949,5948.73
tx-000003598,merchant-04717,alimentos,0.019801,495.02
tx-000003599,merchant-02330,farmacia,0.91182,22795.5
tx-000003600,merchant-03300,alimentos,0.84196,21048.99
tx-000003601,merchant-04322,alimentos,0.896038,22400.95
tx-000003602,merchant-00134,ferreteria,0.338715,8467.88
tx-000003603,merchant-03401,electronica,0.470954,11773.84
tx-000003604,merchant-02833,transporte,0.276124,6903.1
tx-000003605,merchant-02566,restaurante,0.081608,2040.19
tx-000003606,merchant-03223,electronica,0.613096,15327.4
tx-000003607,merchant-03724,restaurante,0.697064,17426.6
tx-000003608,merchant-00995,servicios,0.848975,21224.37
tx-000003609,merchant-00842,alimentos,0.937828,23445.71
tx-000003610,merchant-00086,farmacia,0.225566,5639.16
tx-000003611,merchant-02645,transporte,0.106926,2673.14
tx-000003612,merchant-00722,ropa,0.227888,5697.21
tx-000003613,merchant-03022,colmado,0.72466,18116.49
tx-000003614,merchant-00431,electronica,0.989586,24739.65
tx-000003615,merchant-00353,ferreteria,0.883553,22088.82
tx-000003616,merchant-02493,ferreteria,0.049907,1247.68
tx-000003617,merchant-03110,electronica,0.2652,6629.99
tx-000003618,merchant-01129,otros,0.699268,17481.69
tx-000003619,merchant-01035,servicios,0.461772,11544.31
tx-000003620,merchant-04786,transporte,0.862171,21554.28
tx-000003621,merchant-01003,colmado,0.63763,15940.75
tx-000003622,merchant-04735,restaurante,0.528534,13213.34
tx-000003623,merchant-02299,servicios,0.661946,16548.66
tx-000003624,merchant-03955,ropa,0.773099,19327.47
tx-000003625,merchant-02427,ferreteria,0.093616,2340.39
tx-000003626,merchant-01986,ropa,0.354304,8857.59
tx-000003627,merchant-00616,restaurante,0.695575,17389.38
tx-000003628,merchant-00108,ropa,0.062146,1553.66
tx-000003629,merchant-03155,ropa,0.469214,11730.35
tx-000003630,merchant-02789,ropa,0.48867,12216.76
tx-000003631,merchant-04323,colmado,0.814368,20359.19
tx-000003632,merchant-02555,restaurante,0.858742,21468.55
tx-000003633,merchant-04133,ferreteria,0.655979,16399.47
tx-000003634,merchant-01793,servicios,0.914297,22857.43
tx-000003635,merchant-03707,otros,0.386804,9670.11
tx-000003636,merchant-03279,ropa,0.514437,12860.93
tx-000003637,merchant-03466,farmacia,0.070502,1762.55
tx-000003638,merchant-04729,ferreteria,0.686894,17172.34
tx-000003639,merchant-00878,ferreteria,0.148995,3724.88
tx-000003640,merchant-03776,farmacia,0.242081,6052.03
tx-000003641,merchant-03902,colmado,0.268223,6705.58
tx-000003642,merchant-02176,ferreteria,0.453736,11343.39
tx-000003643,merchant-00689,servicios,0.927074,23176.85
tx-000003644,merchant-01234,transporte,0.432611,10815.27
tx-000003645,merchant-04161,servicios,0.503186,12579.65
tx-000003646,merchant-02234,servicios,0.055051,1376.27
tx-000003647,merchant-03134,transporte,0.099617,2490.43
tx-000003648,merchant-01552,transporte,0.195544,4888.59
tx-000003649,merchant-02261,colmado,0.178292,4457.3
tx-000003650,merchant-04249,transporte,0.608233,15205.83
tx-000003651,merchant-00409,ropa,0.110966,2774.15
tx-000003652,merchant-01799,ferreteria,0.959054,23976.34
tx-000003653,merchant-00293,otros,0.055032,1375.79
tx-000003654,merchant-00540,colmado,0.267646,6691.15
tx-000003655,merchant-01856,otros,0.10283,2570.75
tx-000003656,merchant-03315,transporte,0.700113,17502.83
tx-000003657,merchant-01802,electronica,0.3941,9852.49
tx-000003658,merchant-01402,ropa,0.496181,12404.53
tx-000003659,merchant-02360,otros,0.348938,8723.45
tx-000003660,merchant-00026,ferreteria,0.289403,7235.07
tx-000003661,merchant-03906,electronica,0.186709,4667.72
tx-000003662,merchant-01955,farmacia,0.852859,21321.47
tx-000003663,merchant-00569,farmacia,0.316482,7912.06
tx-000003664,merchant-03730,farmacia,0.18897,4724.24
tx-000003665,merchant-03888,transporte,0.962318,24057.96
tx-000003666,merchant-01455,electronica,0.335386,8384.65
tx-000003667,merchant-01399,alimentos,0.881495,22037.38
tx-000003668,merchant-03882,otros,0.594817,14870.43
tx-000003669,merchant-02028,restaurante,0.003004,75.11
tx-000003670,merchant-00143,otros,0.111167,2779.18
tx-000003671,merchant-02382,ropa,0.680686,17017.15
tx-000003672,merchant-01371,farmacia,0.526219,13155.47
tx-000003673,merchant-00820,electronica,0.775706,19392.65
tx-000003674,merchant-02750,restaurante,0.804285,20107.12
tx-000003675,merchant-02874,colmado,0.49168,12292.01
tx-000003676,merchant-03986,electronica,0.258825,6470.62
tx-000003677,merchant-00112,servicios,0.365561,9139.02
tx-000003678,merchant-02734,colmado,0.302532,7563.29
tx-000003679,merchant-04881,restaurante,0.774977,19374.43
tx-000003680,merchant-04255,alimentos,0.114536,2863.39
tx-000003681,merchant-03362,ropa,0.149604,3740.11
tx-000003682,merchant-01161,servicios,0.660048,16501.2
tx-000003683,merchant-02002,otros,0.498836,12470.91
tx-000003684,merchant-03529,servicios,0.74153,18538.26
tx-000003685,merchant-00732,ropa,0.207895,5197.37
tx-000003686,merchant-03095,ferreteria,0.920806,23020.15
tx-000003687,merchant-04464,restaurante,0.965522,24138.05
tx-000003688,merchant-04317,farmacia,0.987357,24683.93
tx-000003689,merchant-02858,servicios,0.266779,6669.47
tx-000003690,merchant-03419,electronica,0.392244,9806.1
tx-000003691,merchant-00337,otros,0.310705,7767.62
tx-000003692,merchant-02813,otros,0.521038,13025.94
tx-000003693,merchant-03728,otros,0.124715,3117.88
tx-000003694,merchant-02843,electronica,0.968217,24205.42
tx-000003695,merchant-00069,restaurante,0.11197,2799.25
tx-000003696,merchant-01206,restaurante,0.927378,23184.46
tx-000003697,merchant-04286,electronica,0.681561,17039.03
tx-000003698,merchant-01333,electronica,0.624548,15613.69
tx-000003699,merchant-00530,electronica,0.487851,12196.28
tx-000003700,merchant-00336,ropa,0.017561,439.03
tx-000003701,merchant-04859,ferreteria,0.284451,7111.28
tx-000003702,merchant-02506,alimentos,0.055087,1377.17
tx-000003703,merchant-00006,alimentos,0.431462,10786.55
tx-000003704,merchant-02869,electronica,0.25293,6323.26
tx-000003705,merchant-04113,colmado,0.785693,19642.32
tx-000003706,merchant-00705,electronica,0.156727,3918.17
tx-000003707,merchant-01612,transporte,0.144359,3608.97
tx-000003708,merchant-00662,electronica,0.586054,14651.36
tx-000003709,merchant-03877,servicios,0.22042,5510.5
tx-000003710,merchant-03165,transporte,0.250231,6255.78
tx-000003711,merchant-00804,electronica,0.400315,10007.88
tx-000003712,merchant-04891,electronica,0.920354,23008.84
tx-000003713,merchant-03571,servicios,0.174955,4373.88
tx-000003714,merchant-01141,ropa,0.804772,20119.29
tx-000003715,merchant-03411,colmado,0.25152,6288.01
tx-000003716,merchant-02499,ferreteria,0.201124,5028.1
tx-000003717,merchant-03778,colmado,0.29874,7468.49
tx-000003718,merchant-03580,ferreteria,0.185006,4625.14
tx-000003719,merchant-03621,servicios,0.140333,3508.32
tx-000003720,merchant-02930,restaurante,0.504808,12620.19
tx-000003721,merchant-03822,transporte,0.355486,8887.14
tx-000003722,merchant-03779,alimentos,0.961524,24038.1
tx-000003723,merchant-00217,transporte,0.912733,22818.33
tx-000003724,merchant-01152,otros,0.090252,2256.3
tx-000003725,merchant-01988,otros,0.907035,22675.88
tx-000003726,merchant-01043,otros,0.513182,12829.56
tx-000003727,merchant-04634,electronica,0.544183,13604.58
tx-000003728,merchant-03217,farmacia,0.055429,1385.72
tx-000003729,merchant-00049,restaurante,0.404136,10103.41
tx-000003730,merchant-04244,restaurante,0.807866,20196.65
tx-000003731,merchant-00694,alimentos,0.83952,20987.99
tx-000003732,merchant-00877,servicios,0.271634,6790.86
tx-000003733,merchant-02381,otros,0.595151,14878.78
tx-000003734,merchant-02715,alimentos,0.482505,12062.62
tx-000003735,merchant-04790,colmado,0.1232,3079.99
tx-000003736,merchant-00435,ropa,0.739885,18497.12
tx-000003737,merchant-04605,restaurante,0.517232,12930.79
tx-000003738,merchant-01268,electronica,0.13813,3453.25
tx-000003739,merchant-00053,restaurante,0.628983,15724.57
tx-000003740,merchant-01645,ferreteria,0.624416,15610.41
tx-000003741,merchant-01254,otros,0.069008,1725.19
tx-000003742,merchant-04259,ferreteria,0.880139,22003.48
tx-000003743,merchant-00849,restaurante,0.248712,6217.79
tx-000003744,merchant-04144,restaurante,0.026607,665.18
tx-000003745,merchant-00998,electronica,0.391932,9798.31
tx-000003746,merchant-01508,ropa,0.405748,10143.71
tx-000003747,merchant-04479,electronica,0.842037,21050.93
tx-000003748,merchant-03598,otros,0.822043,20551.08
tx-000003749,merchant-01199,alimentos,0.12495,3123.75
tx-000003750,merchant-01972,farmacia,0.186438,4660.96
tx-000003751,merchant-04479,ropa,0.512492,12812.3
tx-000003752,merchant-02376,electronica,0.477206,11930.15
tx-000003753,merchant-04824,restaurante,0.6682,16705.01
tx-000003754,merchant-02255,transporte,0.368605,9215.12
tx-000003755,merchant-00880,restaurante,0.387049,9676.23
tx-000003756,merchant-03481,farmacia,0.418063,10451.57
tx-000003757,merchant-03745,ferreteria,0.029915,747.87
tx-000003758,merchant-00091,otros,0.565081,14127.02
tx-000003759,merchant-03642,alimentos,0.304156,7603.9
tx-000003760,merchant-02906,farmacia,0.908292,22707.3
tx-000003761,merchant-03755,electronica,0.468971,11724.28
tx-000003762,merchant-01297,servicios,0.011102,277.55
tx-000003763,merchant-04123,ropa,0.501637,12540.93
tx-000003764,merchant-04302,transporte,0.350136,8753.41
tx-000003765,merchant-01430,farmacia,0.514019,12850.48
tx-000003766,merchant-04614,servicios,0.353163,8829.08
tx-000003767,merchant-01148,electronica,0.460563,11514.07
tx-000003768,merchant-02482,transporte,0.785391,19634.78
tx-000003769,merchant-03963,transporte,0.070074,1751.84
tx-000003770,merchant-04964,farmacia,0.96263,24065.75
tx-000003771,merchant-04154,colmado,0.576887,14422.17
tx-000003772,merchant-02655,otros,0.260708,6517.69
tx-000003773,merchant-02852,otros,0.955284,23882.11
tx-000003774,merchant-03308,ferreteria,0.61824,15456.0
tx-000003775,merchant-01304,ropa,0.046839,1170.98
tx-000003776,merchant-00871,restaurante,0.098347,2458.68
tx-000003777,merchant-03903,servicios,0.934366,23359.14
tx-000003778,merchant-01939,ferreteria,0.76039,19009.74
tx-000003779,merchant-01426,transporte,0.899995,22499.87
tx-000003780,merchant-03442,ferreteria,0.756302,18907.56
tx-000003781,merchant-02052,ferreteria,0.063803,1595.07
tx-000003782,merchant-00598,restaurante,0.039344,983.59
tx-000003783,merchant-04969,alimentos,0.763825,19095.63
tx-000003784,merchant-02631,ferreteria,0.923704,23092.59
tx-000003785,merchant-03094,farmacia,0.699328,17483.21
tx-000003786,merchant-04701,colmado,0.988893,24722.33
tx-000003787,merchant-02069,restaurante,0.201335,5033.37
tx-000003788,merchant-02344,ropa,0.43864,10966.0
tx-000003789,merchant-01328,transporte,0.20279,5069.76
tx-000003790,merchant-01576,ferreteria,0.81421,20355.25
tx-000003791,merchant-00789,ropa,0.582944,14573.59
tx-000003792,merchant-01152,alimentos,0.035173,879.32
tx-000003793,merchant-03343,otros,0.360842,9021.05
tx-000003794,merchant-00590,servicios,0.547488,13687.19
tx-000003795,merchant-04327,restaurante,0.186934,4673.34
tx-000003796,merchant-01700,otros,0.191757,4793.92
tx-000003797,merchant-04103,servicios,0.82792,20698.01
tx-000003798,merchant-04577,farmacia,0.357772,8944.31
tx-000003799,merchant-03596,transporte,0.801993,20049.82
tx-000003800,merchant-00581,otros,0.62622,15655.49
tx-000003801,merchant-04238,electronica,0.079988,1999.69
tx-000003802,merchant-04086,ropa,0.102711,2567.78
tx-000003803,merchant-04429,servicios,0.053376,1334.4
tx-000003804,merchant-02375,electronica,0.024497,612.43
tx-000003805,merchant-02932,ferreteria,0.391646,9791.14
tx-000003806,merchant-01294,electronica,0.872698,21817.44
tx-000003807,merchant-04714,ropa,0.076628,1915.69
tx-000003808,merchant-04097,electronica,0.853489,21337.22
tx-000003809,merchant-00465,colmado,0.400421,10010.53
tx-000003810,merchant-00909,otros,0.698123,17453.07
tx-000003811,merchant-02155,alimentos,0.472037,11800.92
tx-000003812,merchant-03453,electronica,0.03421,855.25
tx-000003813,merchant-00487,farmacia,0.20211,5052.76
tx-000003814,merchant-02701,alimentos,0.205825,5145.62
tx-000003815,merchant-00598,otros,0.237146,5928.65
tx-000003816,merchant-00290,servicios,0.904515,22612.88
tx-000003817,merchant-03410,otros,0.981094,24527.35
tx-000003818,merchant-00661,colmado,0.739811,18495.27
tx-000003819,merchant-01061,electronica,0.479814,11995.35
tx-000003820,merchant-00853,alimentos,0.723883,18097.08
tx-000003821,merchant-01846,servicios,0.497604,12440.09
tx-000003822,merchant-02486,ropa,0.432652,10816.31
tx-000003823,merchant-00454,alimentos,0.0234,585.01
tx-000003824,merchant-01608,colmado,0.774066,19351.65
tx-000003825,merchant-03108,alimentos,0.608923,15223.07
tx-000003826,merchant-00428,transporte,0.553391,13834.77
tx-000003827,merchant-01026,transporte,0.76615,19153.75
tx-000003828,merchant-04502,farmacia,0.701935,17548.38
tx-000003829,merchant-00967,otros,0.117352,2933.8
tx-000003830,merchant-03013,servicios,0.98257,24564.24
tx-000003831,merchant-03577,alimentos,0.195258,4881.46
tx-000003832,merchant-00754,otros,0.239694,5992.35
tx-000003833,merchant-03384,colmado,0.01203,300.74
tx-000003834,merchant-00123,ropa,0.568912,14222.81
tx-000003835,merchant-00628,alimentos,0.812997,20324.92
tx-000003836,merchant-01480,electronica,0.128462,3211.56
tx-000003837,merchant-02865,otros,0.045632,1140.8
tx-000003838,merchant-02001,electronica,0.655898,16397.46
tx-000003839,merchant-03259,restaurante,0.131457,3286.42
tx-000003840,merchant-00630,ferreteria,0.658268,16456.69
tx-000003841,merchant-04454,ropa,0.251698,6292.46
tx-000003842,merchant-02925,ropa,0.495939,12398.48
tx-000003843,merchant-02480,servicios,0.444655,11116.37
tx-000003844,merchant-02398,ropa,0.780648,19516.2
tx-000003845,merchant-02192,servicios,0.52779,13194.76
tx-000003846,merchant-04125,ferreteria,0.698376,17459.4
tx-000003847,merchant-03366,otros,0.05589,1397.24
tx-000003848,merchant-00643,ropa,0.487235,12180.88
tx-000003849,merchant-04268,ropa,0.912225,22805.63
tx-000003850,merchant-04530,ropa,0.306329,7658.23
tx-000003851,merchant-01163,alimentos,0.124502,3112.56
tx-000003852,merchant-03607,restaurante,0.977954,24448.85
tx-000003853,merchant-00175,restaurante,0.953139,23828.47
tx-000003854,merchant-02215,electronica,0.836652,20916.31
tx-000003855,merchant-02461,ferreteria,0.589064,14726.59
tx-000003856,merchant-04996,transporte,0.061601,1540.02
tx-000003857,merchant-03135,transporte,0.496367,12409.17
tx-000003858,merchant-01839,ropa,0.445132,11128.29
tx-000003859,merchant-03532,colmado,0.380568,9514.21
tx-000003860,merchant-02500,alimentos,0.054155,1353.88
tx-000003861,merchant-02850,alimentos,0.542466,13561.65
tx-000003862,merchant-02755,electronica,0.910234,22755.85
tx-000003863,merchant-04842,ropa,0.810623,20265.58
tx-000003864,merchant-02794,otros,0.757738,18943.44
tx-000003865,merchant-03503,alimentos,0.435208,10880.2
tx-000003866,merchant-04533,transporte,0.807782,20194.55
tx-000003867,merchant-02355,colmado,0.952569,23814.22
tx-000003868,merchant-04691,otros,0.464576,11614.39
tx-000003869,merchant-02131,farmacia,0.769474,19236.86
tx-000003870,merchant-03829,ropa,0.960384,24009.61
tx-000003871,merchant-00125,electronica,0.133609,3340.22
tx-000003872,merchant-02248,ferreteria,0.79999,19999.74
tx-000003873,merchant-04447,electronica,0.998808,24970.21
tx-000003874,merchant-03233,alimentos,0.338857,8471.43
tx-000003875,merchant-02964,electronica,0.616316,15407.9
tx-000003876,merchant-04981,alimentos,0.659912,16497.79
tx-000003877,merchant-04657,servicios,0.126058,3151.45
tx-000003878,merchant-01465,restaurante,0.836328,20908.19
tx-000003879,merchant-03604,alimentos,0.463799,11594.97
tx-000003880,merchant-02939,restaurante,0.467507,11687.67
tx-000003881,merchant-04560,ropa,0.638468,15961.69
tx-000003882,merchant-04748,ferreteria,0.409794,10244.84
tx-000003883,merchant-05000,colmado,0.277893,6947.32
tx-000003884,merchant-00525,restaurante,0.315398,7884.96
tx-000003885,merchant-02263,electronica,0.181444,4536.11
tx-000003886,merchant-01043,ropa,0.869317,21732.93
tx-000003887,merchant-01204,otros,0.631078,15776.94
tx-000003888,merchant-01907,ferreteria,0.656666,16416.65
tx-000003889,merchant-01510,colmado,0.655292,16382.29
tx-000003890,merchant-04751,servicios,0.860849,21521.23
tx-000003891,merchant-01868,alimentos,0.043872,1096.79
tx-000003892,merchant-02123,electronica,0.9518,23795.01
tx-000003893,merchant-02895,colmado,0.018086,452.15
tx-000003894,merchant-04920,ropa,0.718883,17972.07
tx-000003895,merchant-00635,colmado,0.35103,8775.75
tx-000003896,merchant-04187,ferreteria,0.444925,11123.13
tx-000003897,merchant-02669,otros,0.238505,5962.62
tx-000003898,merchant-03408,ferreteria,0.372617,9315.42
tx-000003899,merchant-02320,farmacia,0.642603,16065.08
tx-000003900,merchant-04973,servicios,0.026645,666.13
tx-000003901,merchant-03344,servicios,0.336316,8407.9
tx-000003902,merchant-02409,otros,0.471744,11793.59
tx-000003903,merchant-03018,alimentos,0.033095,827.38
tx-000003904,merchant-01230,otros,0.292291,7307.27
tx-000003905,merchant-04990,ropa,0.027484,687.11
tx-000003906,merchant-04185,colmado,0.808418,20210.45
tx-000003907,merchant-02819,ropa,0.7839,19597.51
tx-000003908,merchant-04774,alimentos,0.380082,9502.05
tx-000003909,merchant-01230,transporte,0.657745,16443.63
tx-000003910,merchant-00643,ferreteria,0.763087,19077.17
tx-000003911,merchant-01840,otros,0.958708,23967.7
tx-000003912,merchant-04706,colmado,0.504489,12612.22
tx-000003913,merchant-04416,ferreteria,0.734483,18362.08
tx-000003914,merchant-04324,alimentos,0.8479,21197.5
tx-000003915,merchant-04297,colmado,0.607888,15197.2
tx-000003916,merchant-02206,ropa,0.442135,11053.38
tx-000003917,merchant-02401,ropa,0.836337,20908.42
tx-000003918,merchant-02966,ropa,0.330027,8250.68
tx-000003919,merchant-00946,ropa,0.45691,11422.74
tx-000003920,merchant-03359,servicios,0.446118,11152.94
tx-000003921,merchant-04592,colmado,0.081531,2038.27
tx-000003922,merchant-02968,restaurante,0.078291,1957.27
tx-000003923,merchant-03678,transporte,0.606008,15150.2
tx-000003924,merchant-01027,colmado,0.231304,5782.59
tx-000003925,merchant-03340,otros,0.246454,6161.35
tx-000003926,merchant-04961,electronica,0.666571,16664.27
tx-000003927,merchant-02799,servicios,0.796264,19906.61
tx-000003928,merchant-03347,transporte,0.119728,2993.2
tx-000003929,merchant-01216,otros,0.506016,12650.4
tx-000003930,merchant-01623,farmacia,0.495212,12380.3
tx-000003931,merchant-00128,farmacia,0.876653,21916.32
tx-000003932,merchant-02158,colmado,0.122547,3063.68
tx-000003933,merchant-03850,ferreteria,0.711959,17798.98
tx-000003934,merchant-00280,transporte,0.128145,3203.63
tx-000003935,merchant-01368,ferreteria,0.025884,647.09
tx-000003936,merchant-04337,transporte,0.134113,3352.82
tx-000003937,merchant-02903,farmacia,0.904452,22611.3
tx-000003938,merchant-04563,ropa,0.403513,10087.82
tx-000003939,merchant-00976,servicios,0.71256,17813.99
tx-000003940,merchant-02758,otros,0.897632,22440.79
tx-000003941,merchant-00883,alimentos,0.60954,15238.5
tx-000003942,merchant-02908,restaurante,0.075605,1890.13
tx-000003943,merchant-03685,transporte,0.910853,22771.32
tx-000003944,merchant-03909,farmacia,0.290712,7267.81
tx-000003945,merchant-04830,colmado,0.733976,18349.41
tx-000003946,merchant-00064,otros,0.085622,2140.55
tx-000003947,merchant-03716,transporte,0.593862,14846.55
tx-000003948,merchant-01448,colmado,0.321796,8044.9
tx-000003949,merchant-02289,ferreteria,0.723088,18077.2
tx-000003950,merchant-04042,servicios,0.233799,5844.98
tx-000003951,merchant-04241,colmado,0.050191,1254.78
tx-000003952,merchant-03496,electronica,0.580668,14516.71
tx-000003953,merchant-02610,farmacia,0.324154,8103.86
tx-000003954,merchant-00344,ropa,0.953607,23840.17
tx-000003955,merchant-02280,otros,0.431676,10791.91
tx-000003956,merchant-02576,ferreteria,0.879824,21995.61
tx-000003957,merchant-01357,ferreteria,0.348651,8716.27
tx-000003958,merchant-03987,restaurante,0.289268,7231.69
tx-000003959,merchant-01388,electronica,0.225186,5629.65
tx-000003960,merchant-02126,otros,0.939326,23483.16
tx-000003961,merchant-01898,electronica,0.753962,18849.05
tx-000003962,merchant-01695,colmado,0.142721,3568.03
tx-000003963,merchant-01384,alimentos,0.839112,20977.81
tx-000003964,merchant-00326,colmado,0.599195,14979.87
tx-000003965,merchant-01599,alimentos,0.53884,13471.0
tx-000003966,merchant-00212,servicios,0.489389,12234.73
tx-000003967,merchant-04679,transporte,0.204735,5118.37
tx-000003968,merchant-04268,farmacia,0.732625,18315.63
tx-000003969,merchant-02417,ferreteria,0.831376,20784.39
tx-000003970,merchant-00983,restaurante,0.716818,17920.46
tx-000003971,merchant-04041,electronica,0.889102,22227.55
tx-000003972,merchant-01121,electronica,0.08869,2217.25
tx-000003973,merchant-00955,servicios,0.73217,18304.26
tx-000003974,merchant-01823,ferreteria,0.804034,20100.84
tx-000003975,merchant-04154,servicios,0.328462,8211.54
tx-000003976,merchant-04202,ferreteria,0.277556,6938.9
tx-000003977,merchant-02579,alimentos,0.707396,17684.9
tx-000003978,merchant-04271,servicios,0.434511,10862.77
tx-000003979,merchant-04573,alimentos,0.192018,4800.45
tx-000003980,merchant-00066,ropa,0.949284,23732.1
tx-000003981,merchant-03082,ropa,0.138601,3465.02
tx-000003982,merchant-02174,restaurante,0.674001,16850.02
tx-000003983,merchant-01533,restaurante,0.15313,3828.26
tx-000003984,merchant-01627,ferreteria,0.284034,7100.86
tx-000003985,merchant-01755,alimentos,0.950931,23773.28
tx-000003986,merchant-04020,colmado,0.43545,10886.25
tx-000003987,merchant-01460,alimentos,0.611995,15299.87
tx-000003988,merchant-02156,otros,0.419323,10483.08
tx-000003989,merchant-04784,ropa,0.38153,9538.24
tx-000003990,merchant-03967,colmado,0.638439,15960.98
tx-000003991,merchant-01476,electronica,0.657627,16440.68
tx-000003992,merchant-02394,restaurante,0.84101,21025.26
tx-000003993,merchant-03213,otros,0.491242,12281.04
tx-000003994,merchant-03941,electronica,0.358414,8960.34
tx-000003995,merchant-00921,electronica,0.09834,2458.5
tx-000003996,merchant-03664,servicios,0.420755,10518.87
tx-000003997,merchant-03481,ferreteria,0.248902,6222.54
tx-000003998,merchant-02613,ferreteria,0.177842,4446.05
tx-000003999,merchant-03262,farmacia,0.348884,8722.09
tx-000004000,merchant-03963,restaurante,0.774134,19353.36
tx-000004001,merchant-01924,alimentos,0.601857,15046.42
tx-000004002,merchant-04158,ropa,0.292348,7308.71
tx-000004003,merchant-03351,alimentos,0.890031,22250.77
tx-000004004,merchant-02648,electronica,0.563133,14078.32
tx-000004005,merchant-03369,transporte,0.675639,16890.98
tx-000004006,merchant-03484,transporte,0.809412,20235.31
tx-000004007,merchant-00448,electronica,0.262178,6554.45
tx-000004008,merchant-01794,servicios,0.486534,12163.36
tx-000004009,merchant-00374,electronica,0.636994,15924.84
tx-000004010,merchant-01813,otros,0.448741,11218.53
tx-000004011,merchant-04392,ropa,0.875871,21896.77
tx-000004012,merchant-00904,otros,0.779993,19499.82
tx-000004013,merchant-01059,otros,0.61153,15288.25
tx-000004014,merchant-00173,transporte,0.540688,13517.19
tx-000004015,merchant-02731,servicios,0.092072,2301.81
tx-000004016,merchant-04530,ferreteria,0.767308,19182.71
tx-000004017,merchant-04249,ropa,0.655622,16390.54
tx-000004018,merchant-01626,farmacia,0.363374,9084.34
tx-000004019,merchant-03241,ropa,0.838473,20961.82
tx-000004020,merchant-01323,servicios,0.291607,7290.18
tx-000004021,merchant-01767,colmado,0.332839,8320.98
tx-000004022,merchant-00112,alimentos,0.733868,18346.69
tx-000004023,merchant-04314,ferreteria,0.845791,21144.77
tx-000004024,merchant-03973,alimentos,0.502496,12562.41
tx-000004025,merchant-02470,alimentos,0.158632,3965.79
tx-000004026,merchant-02026,alimentos,0.231545,5788.63
tx-000004027,merchant-01013,transporte,0.273913,6847.83
tx-000004028,merchant-01075,electronica,0.655966,16399.14
tx-000004029,merchant-00627,ferreteria,0.86226,21556.49
tx-000004030,merchant-03403,alimentos,0.505501,12637.52
tx-000004031,merchant-04438,otros,0.016712,417.81
tx-000004032,merchant-00783,otros,0.919137,22978.42
tx-000004033,merchant-01592,otros,0.793035,19825.87
tx-000004034,merchant-02652,transporte,0.859584,21489.61
tx-000004035,merchant-00192,electronica,0.513331,12833.27
tx-000004036,merchant-01661,ferreteria,0.275502,6887.54
tx-000004037,merchant-04721,restaurante,0.265742,6643.54
tx-000004038,merchant-03519,ferreteria,0.377828,9445.69
tx-000004039,merchant-03329,colmado,0.223808,5595.21
tx-000004040,merchant-02330,colmado,0.280001,7000.02
tx-000004041,merchant-03133,alimentos,0.50758,12689.51
tx-000004042,merchant-03225,servicios,0.993168,24829.19
tx-000004043,merchant-00888,restaurante,0.763175,19079.37
tx-000004044,merchant-00204,transporte,0.225613,5640.32
tx-000004045,merchant-03663,servicios,0.771663,19291.58
tx-000004046,merchant-00893,electronica,0.477853,11946.32
tx-000004047,merchant-00686,ferreteria,0.333771,8344.27
tx-000004048,merchant-01702,restaurante,0.561764,14044.09
tx-000004049,merchant-00688,farmacia,0.594223,14855.57
tx-000004050,merchant-03880,colmado,0.404389,10109.72
tx-000004051,merchant-04642,ropa,0.723586,18089.66
tx-000004052,merchant-04043,electronica,0.060815,1520.38
tx-000004053,merchant-02768,farmacia,0.413035,10325.87
tx-000004054,merchant-04632,otros,0.038437,960.92
tx-000004055,merchant-00046,electronica,0.407721,10193.03
tx-000004056,merchant-04608,restaurante,0.691016,17275.41
tx-000004057,merchant-02565,ropa,0.546498,13662.44
tx-000004058,merchant-03957,colmado,0.323194,8079.86
tx-000004059,merchant-00668,ferreteria,0.555698,13892.44
tx-000004060,merchant-00635,transporte,0.426851,10671.27
tx-000004061,merchant-00112,farmacia,0.129028,3225.7
tx-000004062,merchant-00996,farmacia,0.520899,13022.48
tx-000004063,merchant-00932,alimentos,0.198973,4974.32
tx-000004064,merchant-04057,farmacia,0.885732,22143.3
tx-000004065,merchant-04298,restaurante,0.626912,15672.81
tx-000004066,merchant-04482,transporte,0.141586,3539.64
tx-000004067,merchant-02431,ferreteria,0.400607,10015.17
tx-000004068,merchant-02411,electronica,0.436608,10915.21
tx-000004069,merchant-03045,otros,0.523435,13085.88
tx-000004070,merchant-01160,electronica,0.65092,16273.01
tx-000004071,merchant-01675,otros,0.524205,13105.12
tx-000004072,merchant-03042,colmado,0.952091,23802.28
tx-000004073,merchant-03868,restaurante,0.605309,15132.72
tx-000004074,merchant-02705,farmacia,0.212196,5304.9
tx-000004075,merchant-03882,alimentos,0.16591,4147.74
tx-000004076,merchant-01469,farmacia,0.319053,7976.32
tx-000004077,merchant-00046,electronica,0.471552,11788.81
tx-000004078,merchant-01633,ferreteria,0.702062,17551.54
tx-000004079,merchant-02712,ferreteria,0.538656,13466.4
tx-000004080,merchant-03840,otros,0.062986,1574.64
tx-000004081,merchant-02871,colmado,0.15814,3953.5
tx-000004082,merchant-02826,alimentos,0.883576,22089.41
tx-000004083,merchant-02250,electronica,0.928024,23200.59
tx-000004084,merchant-03492,otros,0.821113,20527.82
tx-000004085,merchant-03009,otros,0.729864,18246.61
tx-000004086,merchant-02087,colmado,0.767455,19186.37
tx-000004087,merchant-01660,ferreteria,0.541935,13548.37
tx-000004088,merchant-00844,ropa,0.593454,14836.35
tx-000004089,merchant-02154,otros,0.281426,7035.64
tx-000004090,merchant-04279,otros,0.104118,2602.94
tx-000004091,merchant-03138,servicios,0.64554,16138.51
tx-000004092,merchant-04852,otros,0.576504,14412.61
tx-000004093,merchant-03879,ropa,0.278683,6967.08
tx-000004094,merchant-01900,ropa,0.169763,4244.08
tx-000004095,merchant-01201,farmacia,0.093156,2328.89
tx-000004096,merchant-00003,servicios,0.166489,4162.22
tx-000004097,merchant-00428,farmacia,0.079632,1990.8
tx-000004098,merchant-03602,transporte,0.512682,12817.05
tx-000004099,merchant-02680,electronica,0.665512,16637.81
tx-000004100,merchant-00961,ropa,0.501374,12534.36
tx-000004101,merchant-03091,transporte,0.561025,14025.62
tx-000004102,merchant-02909,electronica,0.706832,17670.8
tx-000004103,merchant-02597,colmado,0.838972,20974.3
tx-000004104,merchant-04960,ropa,0.080043,2001.08
tx-000004105,merchant-02276,farmacia,0.95545,23886.24
tx-000004106,merchant-04592,restaurante,0.840196,21004.91
tx-000004107,merchant-02053,ferreteria,0.491113,12277.83
tx-000004108,merchant-03567,servicios,0.558789,13969.73
tx-000004109,merchant-02996,restaurante,0.179656,4491.41
tx-000004110,merchant-02835,transporte,0.771203,19280.08
tx-000004111,merchant-04586,ropa,0.215352,5383.81
tx-000004112,merchant-01467,alimentos,0.383692,9592.31
tx-000004113,merchant-02958,colmado,0.197444,4936.11
tx-000004114,merchant-04803,electronica,0.196499,4912.47
tx-000004115,merchant-03022,electronica,0.329795,8244.87
tx-000004116,merchant-00107,otros,0.503788,12594.69
tx-000004117,merchant-02253,restaurante,0.274482,6862.04
tx-000004118,merchant-02073,electronica,0.399498,9987.44
tx-000004119,merchant-04688,alimentos,0.62602,15650.5
tx-000004120,merchant-03857,otros,0.863459,21586.47
tx-000004121,merchant-04017,farmacia,0.632976,15824.39
tx-000004122,merchant-04470,ferreteria,0.474502,11862.54
tx-000004123,merchant-00237,otros,0.040117,1002.93
tx-000004124,merchant-01255,farmacia,0.894477,22361.92
tx-000004125,merchant-01079,ferreteria,0.871171,21779.28
tx-000004126,merchant-00979,alimentos,0.420734,10518.34
tx-000004127,merchant-00511,servicios,0.444491,11112.28
tx-000004128,merchant-04458,electronica,0.09928,2482.01
tx-000004129,merchant-01591,otros,0.983437,24585.92
tx-000004130,merchant-02726,servicios,0.737979,18449.47
tx-000004131,merchant-01387,otros,0.897941,22448.52
tx-000004132,merchant-03001,colmado,0.722691,18067.28
tx-000004133,merchant-03303,transporte,0.016143,403.57
tx-000004134,merchant-00504,ferreteria,0.838041,20951.03
tx-000004135,merchant-04109,farmacia,0.194554,4863.85
tx-000004136,merchant-00688,farmacia,0.729499,18237.48
tx-000004137,merchant-02258,otros,0.444512,11112.8
tx-000004138,merchant-04141,transporte,0.200286,5007.15
tx-000004139,merchant-00027,electronica,0.174622,4365.56
tx-000004140,merchant-02873,ferreteria,0.275216,6880.39
tx-000004141,merchant-04655,ferreteria,0.34277,8569.24
tx-000004142,merchant-03793,ferreteria,0.567057,14176.42
tx-000004143,merchant-00742,farmacia,0.118029,2950.73
tx-000004144,merchant-01521,servicios,0.730091,18252.28
tx-000004145,merchant-00165,farmacia,0.591966,14799.16
tx-000004146,merchant-01782,servicios,0.789159,19728.98
tx-000004147,merchant-02022,electronica,0.461428,11535.71
tx-000004148,merchant-01566,farmacia,0.837634,20940.84
tx-000004149,merchant-03108,electronica,0.311866,7796.65
tx-000004150,merchant-01151,otros,0.179648,4491.2
tx-000004151,merchant-01852,ropa,0.31691,7922.75
tx-000004152,merchant-01633,farmacia,0.274254,6856.35
tx-000004153,merchant-02125,restaurante,0.97932,24482.99
tx-000004154,merchant-04014,servicios,0.266016,6650.4
tx-000004155,merchant-02858,colmado,0.579539,14488.47
tx-000004156,merchant-01397,alimentos,0.450774,11269.34
tx-000004157,merchant-04795,transporte,0.949766,23744.14
tx-000004158,merchant-04659,ropa,0.157393,3934.82
tx-000004159,merchant-03555,servicios,0.993768,24844.2
tx-000004160,merchant-02365,ropa,0.646716,16167.9
tx-000004161,merchant-04127,colmado,0.343497,8587.42
tx-000004162,merchant-02204,ferreteria,0.830198,20754.95
tx-000004163,merchant-01727,electronica,0.514246,12856.15
tx-000004164,merchant-02137,alimentos,0.219818,5495.46
tx-000004165,merchant-04236,farmacia,0.922076,23051.89
tx-000004166,merchant-03828,otros,0.476259,11906.48
tx-000004167,merchant-04619,transporte,0.324345,8108.62
tx-000004168,merchant-00278,servicios,0.658988,16474.7
tx-000004169,merchant-02940,alimentos,0.701886,17547.14
tx-000004170,merchant-03896,servicios,0.160433,4010.82
tx-000004171,merchant-00821,farmacia,0.337998,8449.96
tx-000004172,merchant-02510,farmacia,0.913322,22833.06
tx-000004173,merchant-01526,alimentos,0.467908,11697.69
tx-000004174,merchant-03740,otros,0.440131,11003.27
tx-000004175,merchant-03564,transporte,0.576813,14420.33
tx-000004176,merchant-01996,electronica,0.474625,11865.62
tx-000004177,merchant-04923,servicios,0.723926,18098.14
tx-000004178,merchant-03287,electronica,0.483592,12089.81
tx-000004179,merchant-01920,colmado,0.042049,1051.22
tx-000004180,merchant-03489,electronica,0.10964,2740.99
tx-000004181,merchant-03283,otros,0.954074,23851.85
tx-000004182,merchant-04196,farmacia,0.030498,762.45
tx-000004183,merchant-04890,colmado,0.922509,23062.72
tx-000004184,merchant-04653,farmacia,0.200065,5001.63
tx-000004185,merchant-02730,alimentos,0.131631,3290.78
tx-000004186,merchant-02534,farmacia,0.970384,24259.61
tx-000004187,merchant-03758,transporte,0.801887,20047.17
tx-000004188,merchant-00007,farmacia,0.167011,4175.28
tx-000004189,merchant-01410,electronica,0.202006,5050.14
tx-000004190,merchant-01513,ropa,0.308912,7722.79
tx-000004191,merchant-03577,ferreteria,0.858047,21451.17
tx-000004192,merchant-01263,colmado,0.724686,18117.15
tx-000004193,merchant-03066,alimentos,0.845977,21149.43
tx-000004194,merchant-02824,ferreteria,0.47839,11959.74
tx-000004195,merchant-03229,ropa,0.471859,11796.48
tx-000004196,merchant-03083,restaurante,0.913007,22825.18
tx-000004197,merchant-00785,transporte,0.706812,17670.29
tx-000004198,merchant-01094,transporte,0.130245,3256.13
tx-000004199,merchant-02320,transporte,0.773714,19342.85
tx-000004200,merchant-04376,ferreteria,0.597745,14943.62
tx-000004201,merchant-04805,alimentos,0.348174,8704.34
tx-000004202,merchant-04986,farmacia,0.223251,5581.27
tx-000004203,merchant-03024,servicios,0.768308,19207.71
tx-000004204,merchant-00014,otros,0.341171,8529.28
tx-000004205,merchant-03262,ferreteria,0.599972,14999.3
tx-000004206,merchant-01132,restaurante,0.646286,16157.15
tx-000004207,merchant-01731,electronica,0.189595,4739.87
tx-000004208,merchant-02782,transporte,0.43653,10913.25
tx-000004209,merchant-03488,farmacia,0.654737,16368.42
tx-000004210,merchant-03169,restaurante,0.286394,7159.85
tx-000004211,merchant-03455,farmacia,0.036757,918.93
tx-000004212,merchant-04239,ferreteria,0.165216,4130.39
tx-000004213,merchant-00677,servicios,0.465993,11649.82
tx-000004214,merchant-00831,transporte,0.686694,17167.34
tx-000004215,merchant-00101,farmacia,0.803943,20098.58
tx-000004216,merchant-04708,colmado,0.320388,8009.69
tx-000004217,merchant-03725,alimentos,0.385222,9630.56
tx-000004218,merchant-03291,transporte,0.487167,12179.18
tx-000004219,merchant-02482,transporte,0.771817,19295.42
tx-000004220,merchant-00950,otros,0.260132,6503.29
tx-000004221,merchant-03689,colmado,0.807511,20187.77
tx-000004222,merchant-03880,servicios,0.37408,9351.99
tx-000004223,merchant-02989,ferreteria,0.84448,21112.0
tx-000004224,merchant-03474,colmado,0.785924,19648.09
tx-000004225,merchant-00656,farmacia,0.760092,19002.29
tx-000004226,merchant-04835,electronica,0.008943,223.57
tx-000004227,merchant-03728,transporte,0.199218,4980.45
tx-000004228,merchant-02308,alimentos,0.050446,1261.16
tx-000004229,merchant-04011,restaurante,0.123308,3082.71
tx-000004230,merchant-04910,servicios,0.36837,9209.25
tx-000004231,merchant-02765,electronica,0.253822,6345.55
tx-000004232,merchant-00193,colmado,0.7673,19182.5
tx-000004233,merchant-02403,servicios,0.268701,6717.53
tx-000004234,merchant-03660,servicios,0.418226,10455.65
tx-000004235,merchant-00292,otros,0.299088,7477.2
tx-000004236,merchant-00300,colmado,0.11346,2836.5
tx-000004237,merchant-02037,farmacia,0.739203,18480.07
tx-000004238,merchant-00775,farmacia,0.085879,2146.97
tx-000004239,merchant-04043,transporte,0.727334,18183.35
tx-000004240,merchant-02830,restaurante,0.892931,22323.28
tx-000004241,merchant-02000,colmado,0.689614,17240.35
tx-000004242,merchant-00333,ferreteria,0.56993,14248.25
tx-000004243,merchant-00314,farmacia,0.327935,8198.38
tx-000004244,merchant-00829,transporte,0.610135,15253.37
tx-000004245,merchant-00646,servicios,0.513607,12840.18
tx-000004246,merchant-02474,transporte,0.927586,23189.64
tx-000004247,merchant-01507,electronica,0.401938,10048.45
tx-000004248,merchant-00650,transporte,0.722151,18053.77
tx-000004249,merchant-01570,otros,0.96523,24130.74
tx-000004250,merchant-02484,otros,0.262454,6561.34
tx-000004251,merchant-01997,alimentos,0.515012,12875.29
tx-000004252,merchant-03875,ropa,0.375488,9387.2
tx-000004253,merchant-03580,electronica,0.761198,19029.94
tx-000004254,merchant-01522,electronica,0.747376,18684.4
tx-000004255,merchant-00375,otros,0.50256,12564.0
tx-000004256,merchant-01485,electronica,0.399873,9996.83
tx-000004257,merchant-03336,ropa,0.274134,6853.35
tx-000004258,merchant-03395,farmacia,0.020682,517.04
tx-000004259,merchant-03789,otros,0.276219,6905.48
tx-000004260,merchant-02607,ferreteria,0.790678,19766.94
tx-000004261,merchant-00149,servicios,0.222881,5572.03
tx-000004262,merchant-02358,otros,0.222616,5565.39
tx-000004263,merchant-04817,transporte,0.827321,20683.03
tx-000004264,merchant-02694,colmado,0.635503,15887.58
tx-000004265,merchant-04569,alimentos,0.390262,9756.54
tx-000004266,merchant-02619,servicios,0.344265,8606.62
tx-000004267,merchant-01244,restaurante,0.822984,20574.59
tx-000004268,merchant-04088,ropa,0.854647,21366.18
tx-000004269,merchant-01393,transporte,0.533176,13329.4
tx-000004270,merchant-00265,otros,0.257181,6429.53
tx-000004271,merchant-03986,colmado,0.967788,24194.7
tx-000004272,merchant-00681,ropa,0.984977,24624.43
tx-000004273,merchant-04339,servicios,0.748515,18712.87
tx-000004274,merchant-02584,restaurante,0.305425,7635.62
tx-000004275,merchant-00243,farmacia,0.675152,16878.81
tx-000004276,merchant-01366,otros,0.625613,15640.32
tx-000004277,merchant-03536,transporte,0.352923,8823.08
tx-000004278,merchant-00192,electronica,0.995834,24895.85
tx-000004279,merchant-04021,ropa,0.557327,13933.17
tx-000004280,merchant-04404,farmacia,0.376534,9413.34
tx-000004281,merchant-01012,ferreteria,0.379672,9491.8
tx-000004282,merchant-01732,ferreteria,0.396958,9923.95
tx-000004283,merchant-01464,farmacia,0.571604,14290.09
tx-000004284,merchant-03286,colmado,0.767341,19183.52
tx-000004285,merchant-01784,transporte,0.409699,10242.48
tx-000004286,merchant-02285,servicios,0.900658,22516.45
tx-000004287,merchant-00866,servicios,0.770959,19273.97
tx-000004288,merchant-04363,transporte,0.5033,12582.5
tx-000004289,merchant-03310,restaurante,0.226649,5666.23
tx-000004290,merchant-02346,restaurante,0.757314,18932.86
tx-000004291,merchant-01456,transporte,0.158654,3966.35
tx-000004292,merchant-04364,servicios,0.289831,7245.77
tx-000004293,merchant-01412,ferreteria,0.763409,19085.23
tx-000004294,merchant-03426,transporte,0.384587,9614.67
tx-000004295,merchant-00238,otros,0.411473,10286.83
tx-000004296,merchant-04995,otros,0.225744,5643.61
tx-000004297,merchant-00660,otros,0.504354,12608.86
tx-000004298,merchant-03349,alimentos,0.571444,14286.09
tx-000004299,merchant-02048,farmacia,0.32637,8159.26
tx-000004300,merchant-03866,ferreteria,0.570168,14254.19
tx-000004301,merchant-00187,otros,0.951942,23798.56
tx-000004302,merchant-03190,colmado,0.883746,22093.64
tx-000004303,merchant-01582,farmacia,0.512313,12807.82
tx-000004304,merchant-01961,farmacia,0.458853,11471.33
tx-000004305,merchant-01637,servicios,0.473224,11830.61
tx-000004306,merchant-00531,alimentos,0.134385,3359.62
tx-000004307,merchant-03778,restaurante,0.208593,5214.83
tx-000004308,merchant-04942,restaurante,0.246557,6163.92
tx-000004309,merchant-01449,restaurante,0.989734,24743.35
tx-000004310,merchant-00911,otros,0.501214,12530.36
tx-000004311,merchant-01305,ropa,0.8382,20954.99
tx-000004312,merchant-00573,alimentos,0.463288,11582.2
tx-000004313,merchant-03329,colmado,0.749111,18727.78
tx-000004314,merchant-03157,ferreteria,0.995544,24888.59
tx-000004315,merchant-02131,colmado,0.783477,19586.92
tx-000004316,merchant-04973,colmado,0.12274,3068.5
tx-000004317,merchant-03593,restaurante,0.715335,17883.37
tx-000004318,merchant-00490,electronica,0.828098,20702.46
tx-000004319,merchant-00327,servicios,0.812039,20300.98
tx-000004320,merchant-04191,restaurante,0.40063,10015.76
tx-000004321,merchant-01017,ferreteria,0.429731,10743.28
tx-000004322,merchant-02151,otros,0.147692,3692.29
tx-000004323,merchant-00916,farmacia,0.754071,18851.77
tx-000004324,merchant-02784,farmacia,0.367732,9193.29
tx-000004325,merchant-03954,ropa,0.913149,22828.72
tx-000004326,merchant-02704,ferreteria,0.265979,6649.47
tx-000004327,merchant-04027,ropa,0.459326,11483.14
tx-000004328,merchant-02806,electronica,0.757467,18936.67
tx-000004329,merchant-02709,restaurante,0.689816,17245.39
tx-000004330,merchant-04655,electronica,0.700162,17504.06
tx-000004331,merchant-01148,farmacia,0.595239,14880.98
tx-000004332,merchant-00213,ropa,0.522736,13068.39
tx-000004333,merchant-04617,servicios,0.88041,22010.26
tx-000004334,merchant-02513,farmacia,0.714376,17859.39
tx-000004335,merchant-02497,restaurante,0.568505,14212.62
tx-000004336,merchant-02416,farmacia,0.713653,17841.32
tx-000004337,merchant-01054,farmacia,0.744246,18606.14
tx-000004338,merchant-03148,electronica,0.608234,15205.86
tx-000004339,merchant-00230,ropa,0.637489,15937.22
tx-000004340,merchant-01216,otros,0.584064,14601.6
tx-000004341,merchant-02984,colmado,0.014042,351.06
tx-000004342,merchant-04234,transporte,0.745966,18649.16
tx-000004343,merchant-01396,servicios,0.47802,11950.51
tx-000004344,merchant-04810,colmado,0.644564,16114.1
tx-000004345,merchant-03067,transporte,0.315668,7891.69
tx-000004346,merchant-03976,farmacia,0.865678,21641.95
tx-000004347,merchant-03949,farmacia,0.871041,21776.02
tx-000004348,merchant-03112,alimentos,0.48503,12125.76
tx-000004349,merchant-00531,servicios,0.669407,16735.18
tx-000004350,merchant-01692,ropa,0.226376,5659.39
tx-000004351,merchant-04986,ferreteria,0.151788,3794.71
tx-000004352,merchant-02921,restaurante,0.650697,16267.42
tx-000004353,merchant-00100,colmado,0.460403,11510.08
tx-000004354,merchant-01660,servicios,0.898338,22458.46
tx-000004355,merchant-03265,ferreteria,0.664916,16622.89
tx-000004356,merchant-04157,ferreteria,0.952124,23803.11
tx-000004357,merchant-04381,colmado,0.272931,6823.27
tx-000004358,merchant-00459,restaurante,0.87287,21821.76
tx-000004359,merchant-02032,ropa,0.567569,14189.22
tx-000004360,merchant-01497,ropa,0.25756,6439.0
tx-000004361,merchant-03737,farmacia,0.229883,5747.08
tx-000004362,merchant-04991,electronica,0.042152,1053.81
tx-000004363,merchant-00749,ropa,0.552872,13821.79
tx-000004364,merchant-00522,farmacia,0.73387,18346.76
tx-000004365,merchant-00499,ropa,0.523512,13087.81
tx-000004366,merchant-04798,otros,0.229131,5728.28
tx-000004367,merchant-00806,colmado,0.478328,11958.19
tx-000004368,merchant-00419,servicios,0.881878,22046.94
tx-000004369,merchant-00599,ropa,0.790436,19760.9
tx-000004370,merchant-03621,ferreteria,0.479342,11983.56
tx-000004371,merchant-00819,colmado,0.477084,11927.09
tx-000004372,merchant-04902,restaurante,0.590197,14754.93
tx-000004373,merchant-00079,otros,0.301361,7534.03
tx-000004374,merchant-00914,restaurante,0.430896,10772.4
tx-000004375,merchant-01596,otros,0.777841,19446.03
tx-000004376,merchant-03738,alimentos,0.806154,20153.86
tx-000004377,merchant-03336,otros,0.253244,6331.11
tx-000004378,merchant-01447,servicios,0.272202,6805.04
tx-000004379,merchant-04213,electronica,0.508278,12706.96
tx-000004380,merchant-02455,electronica,0.951533,23788.32
tx-000004381,merchant-02040,servicios,0.867526,21688.16
tx-000004382,merchant-04598,colmado,0.276738,6918.44
tx-000004383,merchant-03605,ferreteria,0.310186,7754.66
tx-000004384,merchant-01493,restaurante,0.977274,24431.86
tx-000004385,merchant-04175,restaurante,0.008504,212.61
tx-000004386,merchant-01465,ferreteria,0.496796,12419.91
tx-000004387,merchant-02496,ferreteria,0.760917,19022.92
tx-000004388,merchant-03631,servicios,0.925445,23136.12
tx-000004389,merchant-04413,farmacia,0.638607,15965.18
tx-000004390,merchant-00891,ropa,0.195208,4880.21
tx-000004391,merchant-04111,electronica,0.21479,5369.75
tx-000004392,merchant-04346,restaurante,0.321376,8034.4
tx-000004393,merchant-02459,otros,0.104711,2617.78
tx-000004394,merchant-01267,servicios,0.211871,5296.78
tx-000004395,merchant-03246,farmacia,0.158075,3951.87
tx-000004396,merchant-04999,farmacia,0.852652,21316.31
tx-000004397,merchant-04231,restaurante,0.32703,8175.75
tx-000004398,merchant-03416,electronica,0.654184,16354.59
tx-000004399,merchant-02154,restaurante,0.230266,5756.65
tx-000004400,merchant-02488,servicios,0.934461,23361.53
tx-000004401,merchant-02734,servicios,0.146696,3667.41
tx-000004402,merchant-02584,restaurante,0.829573,20739.32
tx-000004403,merchant-04615,transporte,0.309401,7735.02
tx-000004404,merchant-00047,transporte,0.76317,19079.25
tx-000004405,merchant-03349,servicios,0.057197,1429.92
tx-000004406,merchant-01147,restaurante,0.646501,16162.53
tx-000004407,merchant-00160,ropa,0.767514,19187.86
tx-000004408,merchant-02097,electronica,0.210192,5254.8
tx-000004409,merchant-00194,servicios,0.832887,20822.17
tx-000004410,merchant-03133,servicios,0.428643,10716.08
tx-000004411,merchant-01634,ropa,0.558952,13973.8
tx-000004412,merchant-03606,electronica,0.618321,15458.02
tx-000004413,merchant-01992,farmacia,0.108621,2715.52
tx-000004414,merchant-03930,otros,0.326832,8170.8
tx-000004415,merchant-00377,transporte,0.470932,11773.3
tx-000004416,merchant-03990,ropa,0.688425,17210.63
tx-000004417,merchant-04971,otros,0.281582,7039.56
tx-000004418,merchant-00831,alimentos,0.376269,9406.72
tx-000004419,merchant-02262,colmado,0.64035,16008.74
tx-000004420,merchant-02329,ferreteria,0.37071,9267.75
tx-000004421,merchant-00607,servicios,0.472897,11822.43
tx-000004422,merchant-03390,farmacia,0.977224,24430.61
tx-000004423,merchant-04832,electronica,0.874203,21855.07
tx-000004424,merchant-04603,ferreteria,0.57494,14373.5
tx-000004425,merchant-02686,otros,0.439385,10984.62
tx-000004426,merchant-02136,colmado,0.547492,13687.3
tx-000004427,merchant-02388,alimentos,0.531966,13299.14
tx-000004428,merchant-00558,servicios,0.142187,3554.67
tx-000004429,merchant-02960,restaurante,0.957286,23932.14
tx-000004430,merchant-01760,farmacia,0.747779,18694.47
tx-000004431,merchant-01866,restaurante,0.322624,8065.61
tx-000004432,merchant-01631,electronica,0.363479,9086.98
tx-000004433,merchant-00190,farmacia,0.256847,6421.18
tx-000004434,merchant-03366,transporte,0.120952,3023.8
tx-000004435,merchant-03985,alimentos,0.397515,9937.88
tx-000004436,merchant-00494,colmado,0.832011,20800.28
tx-000004437,merchant-04635,transporte,0.374728,9368.19
tx-000004438,merchant-04131,servicios,0.995663,24891.58
tx-000004439,merchant-04031,electronica,0.790557,19763.93
tx-000004440,merchant-00550,ferreteria,0.575666,14391.65
tx-000004441,merchant-04574,ferreteria,0.566176,14154.4
tx-000004442,merchant-04207,ferreteria,0.532699,13317.47
tx-000004443,merchant-03838,otros,0.574777,14369.43
tx-000004444,merchant-01564,ferreteria,0.650874,16271.84
tx-000004445,merchant-03531,electronica,0.767581,19189.53
tx-000004446,merchant-01247,servicios,0.466784,11669.59
tx-000004447,merchant-04713,servicios,0.07488,1871.99
tx-000004448,merchant-03543,alimentos,0.455139,11378.47
tx-000004449,merchant-02407,alimentos,0.402663,10066.58
tx-000004450,merchant-03195,alimentos,0.624442,15611.06
tx-000004451,merchant-02641,transporte,0.010521,263.02
tx-000004452,merchant-01826,otros,0.152194,3804.85
tx-000004453,merchant-02676,colmado,0.675189,16879.73
tx-000004454,merchant-01642,otros,0.458838,11470.95
tx-000004455,merchant-04726,farmacia,0.925506,23137.65
tx-000004456,merchant-01215,ropa,0.19047,4761.74
tx-000004457,merchant-00827,alimentos,0.309865,7746.62
tx-000004458,merchant-00324,farmacia,0.534355,13358.88
tx-000004459,merchant-00568,servicios,0.540996,13524.9
tx-000004460,merchant-01886,ropa,0.870815,21770.37
tx-000004461,merchant-01338,transporte,0.203298,5082.45
tx-000004462,merchant-01909,ropa,0.991022,24775.54
tx-000004463,merchant-00224,farmacia,0.772801,19320.02
tx-000004464,merchant-03602,ferreteria,0.877882,21947.06
tx-000004465,merchant-03073,alimentos,0.834489,20862.22
tx-000004466,merchant-01709,transporte,0.445064,11126.61
tx-000004467,merchant-03593,transporte,0.051116,1277.9
tx-000004468,merchant-03118,otros,0.20024,5006.01
tx-000004469,merchant-00761,farmacia,0.81487,20371.76
tx-000004470,merchant-04738,colmado,0.50769,12692.25
tx-000004471,merchant-01718,ferreteria,0.12346,3086.51
tx-000004472,merchant-04955,servicios,0.940814,23520.36
tx-000004473,merchant-02596,transporte,0.750183,18754.58
tx-000004474,merchant-00744,colmado,0.192599,4814.98
tx-000004475,merchant-02092,colmado,0.361139,9028.47
tx-000004476,merchant-03744,alimentos,0.113768,2844.21
tx-000004477,merchant-03441,transporte,0.009241,231.03
tx-000004478,merchant-00820,servicios,0.961646,24041.14
tx-000004479,merchant-02540,ferreteria,0.361672,9041.79
tx-000004480,merchant-02464,ropa,0.43528,10882.01
tx-000004481,merchant-00692,transporte,0.999707,24992.68
tx-000004482,merchant-00130,electronica,0.87619,21904.75
tx-000004483,merchant-02649,alimentos,0.73017,18254.25
tx-000004484,merchant-02040,farmacia,0.142454,3561.36
tx-000004485,merchant-01049,colmado,0.56545,14136.25
tx-000004486,merchant-03849,alimentos,0.157447,3936.17
tx-000004487,merchant-01719,electronica,0.063059,1576.48
tx-000004488,merchant-03399,farmacia,0.372961,9324.02
tx-000004489,merchant-01431,colmado,0.420401,10510.02
tx-000004490,merchant-01488,servicios,0.96537,24134.24
tx-000004491,merchant-00897,farmacia,0.879319,21982.98
tx-000004492,merchant-01672,electronica,0.03192,798.0
tx-000004493,merchant-03058,electronica,0.404847,10121.17
tx-000004494,merchant-00234,alimentos,0.62267,15566.74
tx-000004495,merchant-03855,alimentos,0.332919,8322.97
tx-000004496,merchant-01183,transporte,0.735481,18387.02
tx-000004497,merchant-03089,otros,0.048406,1210.16
tx-000004498,merchant-01391,farmacia,0.723078,18076.94
tx-000004499,merchant-02857,ropa,0.101915,2547.88
tx-000004500,merchant-00544,ferreteria,0.09394,2348.49
tx-000004501,merchant-03805,transporte,0.968793,24219.82
tx-000004502,merchant-04397,restaurante,0.856428,21410.7
tx-000004503,merchant-04942,alimentos,0.136136,3403.41
tx-000004504,merchant-03847,electronica,0.312808,7820.2
tx-000004505,merchant-04424,servicios,0.129942,3248.56
tx-000004506,merchant-00790,restaurante,0.956992,23924.79
tx-000004507,merchant-04680,ropa,0.493816,12345.4
tx-000004508,merchant-04217,farmacia,0.127581,3189.53
tx-000004509,merchant-01169,ropa,0.805836,20145.91
tx-000004510,merchant-00777,transporte,0.659892,16497.29
tx-000004511,merchant-00863,ropa,0.283735,7093.38
tx-000004512,merchant-01513,electronica,0.227771,5694.27
tx-000004513,merchant-03786,otros,0.329968,8249.21
tx-000004514,merchant-04729,electronica,0.520877,13021.93
tx-000004515,merchant-01079,servicios,0.760374,19009.35
tx-000004516,merchant-01190,otros,0.423177,10579.42
tx-000004517,merchant-00281,transporte,0.736938,18423.44
tx-000004518,merchant-01622,farmacia,0.632616,15815.41
tx-000004519,merchant-00280,ropa,0.016293,407.33
tx-000004520,merchant-02643,alimentos,0.163562,4089.04
tx-000004521,merchant-03964,servicios,0.572942,14323.56
tx-000004522,merchant-04729,transporte,0.189373,4734.32
tx-000004523,merchant-01760,restaurante,0.4532,11330.0
tx-000004524,merchant-04472,restaurante,0.62207,15551.75
tx-000004525,merchant-02289,colmado,0.119584,2989.59
tx-000004526,merchant-02763,farmacia,0.924038,23100.95
tx-000004527,merchant-03993,colmado,0.256774,6419.35
tx-000004528,merchant-00791,servicios,0.457403,11435.08
tx-000004529,merchant-02154,ferreteria,0.763743,19093.57
tx-000004530,merchant-03495,alimentos,0.78239,19559.76
tx-000004531,merchant-01035,ferreteria,0.964824,24120.6
tx-000004532,merchant-03748,ferreteria,0.228671,5716.77
tx-000004533,merchant-02423,farmacia,0.122037,3050.93
tx-000004534,merchant-02516,restaurante,0.87356,21839.0
tx-000004535,merchant-00680,colmado,0.437292,10932.29
tx-000004536,merchant-04186,ropa,0.184247,4606.18
tx-000004537,merchant-01818,alimentos,0.143425,3585.63
tx-000004538,merchant-02900,colmado,0.20028,5006.99
tx-000004539,merchant-01244,otros,0.601734,15043.36
tx-000004540,merchant-04302,alimentos,0.860206,21505.16
tx-000004541,merchant-02971,colmado,0.80066,20016.49
tx-000004542,merchant-04349,farmacia,0.231963,5799.07
tx-000004543,merchant-00821,farmacia,0.375723,9393.08
tx-000004544,merchant-01854,farmacia,0.635638,15890.94
tx-000004545,merchant-04995,transporte,0.54174,13543.5
tx-000004546,merchant-02281,alimentos,0.858579,21464.47
tx-000004547,merchant-03284,electronica,0.959139,23978.47
tx-000004548,merchant-04275,transporte,0.390993,9774.82
tx-000004549,merchant-03834,servicios,0.893957,22348.93
tx-000004550,merchant-02458,alimentos,0.137848,3446.19
tx-000004551,merchant-04553,electronica,0.076721,1918.02
tx-000004552,merchant-04866,ferreteria,0.210337,5258.43
tx-000004553,merchant-03362,farmacia,0.061104,1527.59
tx-000004554,merchant-01313,ropa,0.145504,3637.6
tx-000004555,merchant-01307,transporte,0.392456,9811.39
tx-000004556,merchant-01585,ropa,0.392218,9805.44
tx-000004557,merchant-00578,ropa,0.83466,20866.51
tx-000004558,merchant-02263,farmacia,0.963431,24085.77
tx-000004559,merchant-01012,otros,0.892853,22321.33
tx-000004560,merchant-01244,ropa,0.944452,23611.31
tx-000004561,merchant-02257,servicios,0.444494,11112.36
tx-000004562,merchant-00961,colmado,0.012748,318.69
tx-000004563,merchant-00841,otros,0.312538,7813.46
tx-000004564,merchant-03591,electronica,0.472167,11804.18
tx-000004565,merchant-04434,otros,0.822596,20564.9
tx-000004566,merchant-00577,servicios,0.455459,11386.47
tx-000004567,merchant-00336,transporte,0.875485,21887.13
tx-000004568,merchant-02093,ferreteria,0.838302,20957.54
tx-000004569,merchant-03490,otros,0.627644,15691.11
tx-000004570,merchant-03992,electronica,0.170119,4252.98
tx-000004571,merchant-00845,ferreteria,0.226184,5654.6
tx-000004572,merchant-04943,otros,0.99761,24940.25
tx-000004573,merchant-01977,restaurante,0.865355,21633.87
tx-000004574,merchant-03543,transporte,0.837036,20925.89
tx-000004575,merchant-00862,electronica,0.058539,1463.48
tx-000004576,merchant-02260,electronica,0.84264,21066.01
tx-000004577,merchant-02694,transporte,0.640985,16024.62
tx-000004578,merchant-02059,servicios,0.667644,16691.11
tx-000004579,merchant-00829,restaurante,0.084927,2123.18
tx-000004580,merchant-04055,ropa,0.244259,6106.47
tx-000004581,merchant-02178,ferreteria,0.591902,14797.56
tx-000004582,merchant-03997,colmado,0.997308,24932.7
tx-000004583,merchant-04634,transporte,0.607427,15185.68
tx-000004584,merchant-03135,alimentos,0.607414,15185.36
tx-000004585,merchant-04837,ferreteria,0.602459,15061.47
tx-000004586,merchant-00963,ropa,0.576474,14411.86
tx-000004587,merchant-04947,transporte,0.36198,9049.49
tx-000004588,merchant-00327,servicios,0.815653,20391.32
tx-000004589,merchant-03607,restaurante,0.647794,16194.86
tx-000004590,merchant-04283,alimentos,0.574198,14354.96
tx-000004591,merchant-03538,alimentos,0.940317,23507.92
tx-000004592,merchant-01481,alimentos,0.217608,5440.19
tx-000004593,merchant-02695,ferreteria,0.63126,15781.51
tx-000004594,merchant-03377,alimentos,0.293692,7342.31
tx-000004595,merchant-02077,servicios,0.729599,18239.98
tx-000004596,merchant-02819,servicios,0.818732,20468.29
tx-000004597,merchant-02038,electronica,0.973632,24340.81
tx-000004598,merchant-00392,servicios,0.447115,11177.87
tx-000004599,merchant-02156,farmacia,0.459288,11482.2
tx-000004600,merchant-04484,servicios,0.210962,5274.06
tx-000004601,merchant-02856,farmacia,0.741223,18530.58
tx-000004602,merchant-00729,servicios,0.84503,21125.76
tx-000004603,merchant-04410,ropa,0.353101,8827.53
tx-000004604,merchant-02506,ferreteria,0.317901,7947.53
tx-000004605,merchant-00741,transporte,0.914343,22858.57
tx-000004606,merchant-04074,farmacia,0.314298,7857.46
tx-000004607,merchant-01657,electronica,0.757051,18926.28
tx-000004608,merchant-03977,servicios,0.856264,21406.6
tx-000004609,merchant-03587,servicios,0.338327,8458.18
tx-000004610,merchant-01381,servicios,0.755261,18881.53
tx-000004611,merchant-01555,otros,0.017896,447.39
tx-000004612,merchant-04147,colmado,0.311906,7797.66
tx-000004613,merchant-04587,colmado,0.297611,7440.28
tx-000004614,merchant-00623,ropa,0.179552,4488.81
tx-000004615,merchant-04899,transporte,0.095177,2379.42
tx-000004616,merchant-01195,servicios,0.852504,21312.61
tx-000004617,merchant-03251,farmacia,0.533762,13344.05
tx-000004618,merchant-00849,electronica,0.921416,23035.4
tx-000004619,merchant-00674,servicios,0.614193,15354.83
tx-000004620,merchant-03626,alimentos,0.99944,24986.0
tx-000004621,merchant-01270,electronica,0.247412,6185.29
tx-000004622,merchant-01839,ropa,0.028306,707.66
tx-000004623,merchant-01851,restaurante,0.246861,6171.53
tx-000004624,merchant-01770,farmacia,0.648599,16214.98
tx-000004625,merchant-01997,alimentos,0.014394,359.84
tx-000004626,merchant-03959,restaurante,0.857816,21445.41
tx-000004627,merchant-04516,otros,0.415697,10392.42
tx-000004628,merchant-01525,colmado,0.193855,4846.37
tx-000004629,merchant-04715,transporte,0.581734,14543.35
tx-000004630,merchant-02982,electronica,0.747299,18682.48
tx-000004631,merchant-02987,ropa,0.432452,10811.3
tx-000004632,merchant-02926,ferreteria,0.321514,8037.86
tx-000004633,merchant-01102,servicios,0.958175,23954.37
tx-000004634,merchant-02023,colmado,0.860225,21505.62
tx-000004635,merchant-00792,colmado,0.5798,14495.01
tx-000004636,merchant-04386,servicios,0.708937,17723.43
tx-000004637,merchant-04949,ropa,0.106598,2664.95
tx-000004638,merchant-04539,ropa,0.720666,18016.65
tx-000004639,merchant-04705,alimentos,0.466356,11658.9
tx-000004640,merchant-03588,restaurante,0.461318,11532.96
tx-000004641,merchant-00530,farmacia,0.591881,14797.02
tx-000004642,merchant-03674,colmado,0.024071,601.77
tx-000004643,merchant-02848,restaurante,0.650977,16274.43
tx-000004644,merchant-01212,ferreteria,0.867842,21696.05
tx-000004645,merchant-00536,electronica,0.682643,17066.07
tx-000004646,merchant-00226,otros,0.570614,14265.35
tx-000004647,merchant-01093,transporte,0.491828,12295.7
tx-000004648,merchant-03704,electronica,0.216774,5419.34
tx-000004649,merchant-02496,servicios,0.539319,13482.97
tx-000004650,merchant-04162,transporte,0.234099,5852.48
tx-000004651,merchant-04421,otros,0.145945,3648.62
tx-000004652,merchant-00056,otros,0.31583,7895.74
tx-000004653,merchant-02936,otros,0.054865,1371.62
tx-000004654,merchant-00582,otros,0.121444,3036.1
tx-000004655,merchant-03390,farmacia,0.065502,1637.54
tx-000004656,merchant-02039,otros,0.733091,18327.28
tx-000004657,merchant-01470,farmacia,0.774187,19354.67
tx-000004658,merchant-04055,ferreteria,0.031428,785.71
tx-000004659,merchant-00772,transporte,0.333126,8328.16
tx-000004660,merchant-03174,transporte,0.574855,14371.37
tx-000004661,merchant-03887,farmacia,0.382528,9563.2
tx-000004662,merchant-01500,ferreteria,0.847571,21189.28
tx-000004663,merchant-01454,transporte,0.312573,7814.32
tx-000004664,merchant-04094,ferreteria,0.879306,21982.66
tx-000004665,merchant-03289,ropa,0.186197,4654.93
tx-000004666,merchant-00669,servicios,0.228187,5704.67
tx-000004667,merchant-00771,colmado,0.452824,11320.6
tx-000004668,merchant-04966,alimentos,0.259252,6481.31
tx-000004669,merchant-00485,servicios,0.982046,24551.15
tx-000004670,merchant-00015,colmado,0.097299,2432.48
tx-000004671,merchant-02678,transporte,0.014553,363.83
tx-000004672,merchant-04654,otros,0.307651,7691.28
tx-000004673,merchant-00569,farmacia,0.376086,9402.16
tx-000004674,merchant-04082,farmacia,0.190105,4752.63
tx-000004675,merchant-02829,ferreteria,0.536144,13403.59
tx-000004676,merchant-01268,otros,0.872353,21808.82
tx-000004677,merchant-01450,restaurante,0.37542,9385.5
tx-000004678,merchant-01455,colmado,0.706955,17673.87
tx-000004679,merchant-03647,alimentos,0.150552,3763.8
tx-000004680,merchant-04404,ferreteria,0.622838,15570.96
tx-000004681,merchant-02554,electronica,0.80759,20189.76
tx-000004682,merchant-01478,otros,0.109559,2738.98
tx-000004683,merchant-00817,restaurante,0.519452,12986.3
tx-000004684,merchant-01272,otros,0.194773,4869.33
tx-000004685,merchant-03725,colmado,0.920159,23003.98
tx-000004686,merchant-03670,ferreteria,0.832106,20802.66
tx-000004687,merchant-00537,servicios,0.669368,16734.19
tx-000004688,merchant-01159,ropa,0.24773,6193.24
tx-000004689,merchant-04021,ropa,0.960466,24011.66
tx-000004690,merchant-00341,servicios,0.794466,19861.65
tx-000004691,merchant-03936,otros,0.060507,1512.67
tx-000004692,merchant-04259,ferreteria,0.100583,2514.57
tx-000004693,merchant-02626,colmado,0.664186,16604.64
tx-000004694,merchant-04358,colmado,0.563871,14096.77
tx-000004695,merchant-04476,ropa,0.395396,9884.91
tx-000004696,merchant-01110,restaurante,0.283996,7099.91
tx-000004697,merchant-02400,transporte,0.763996,19099.89
tx-000004698,merchant-03089,ferreteria,0.40543,10135.74
tx-000004699,merchant-04025,ferreteria,0.491484,12287.11
tx-000004700,merchant-03966,otros,0.322872,8071.79
tx-000004701,merchant-04077,electronica,0.390031,9750.78
tx-000004702,merchant-00452,colmado,0.771301,19282.53
tx-000004703,merchant-01541,ferreteria,0.831595,20789.87
tx-000004704,merchant-04813,otros,0.308506,7712.64
tx-000004705,merchant-02570,alimentos,0.543702,13592.54
tx-000004706,merchant-00387,electronica,0.535224,13380.59
tx-000004707,merchant-02882,colmado,0.386132,9653.29
tx-000004708,merchant-03554,colmado,0.05433,1358.26
tx-000004709,merchant-01461,colmado,0.524936,13123.41
tx-000004710,merchant-00367,ropa,0.372082,9302.06
tx-000004711,merchant-01522,ropa,0.100454,2511.34
tx-000004712,merchant-00598,ropa,0.712986,17824.64
tx-000004713,merchant-04679,otros,0.496285,12407.12
tx-000004714,merchant-03126,ropa,0.017562,439.04
tx-000004715,merchant-00953,electronica,0.90052,22513.0
tx-000004716,merchant-01970,servicios,0.006729,168.23
tx-000004717,merchant-03195,ropa,0.984433,24610.83
tx-000004718,merchant-03293,alimentos,0.37304,9326.01
tx-000004719,merchant-04905,ropa,0.157617,3940.43
tx-000004720,merchant-02116,transporte,0.62252,15563.01
tx-000004721,merchant-02538,ropa,0.681035,17025.87
tx-000004722,merchant-02234,transporte,0.940392,23509.81
tx-000004723,merchant-03407,transporte,0.690901,17272.52
tx-000004724,merchant-01553,restaurante,0.378378,9459.44
tx-000004725,merchant-00086,transporte,0.254919,6372.97
tx-000004726,merchant-03680,farmacia,0.043716,1092.89
tx-000004727,merchant-01827,ferreteria,0.663637,16590.93
tx-000004728,merchant-00945,farmacia,0.638322,15958.05
tx-000004729,merchant-04003,ferreteria,0.902413,22560.32
tx-000004730,merchant-02682,farmacia,0.184992,4624.8
tx-000004731,merchant-02102,transporte,0.943616,23590.4
tx-000004732,merchant-02347,electronica,0.286237,7155.93
tx-000004733,merchant-02143,ferreteria,0.855797,21394.93
tx-000004734,merchant-03236,ropa,0.761467,19036.68
tx-000004735,merchant-04545,restaurante,0.950309,23757.72
tx-000004736,merchant-04246,alimentos,0.202386,5059.66
tx-000004737,merchant-00896,ferreteria,0.470019,11750.48
tx-000004738,merchant-03180,farmacia,0.230188,5754.69
tx-000004739,merchant-00553,ropa,0.085441,2136.02
tx-000004740,merchant-03039,restaurante,0.437077,10926.92
tx-000004741,merchant-03622,otros,0.73887,18471.74
tx-000004742,merchant-04126,ropa,0.769588,19239.71
tx-000004743,merchant-02605,alimentos,0.769012,19225.3
tx-000004744,merchant-01252,servicios,0.569664,14241.59
tx-000004745,merchant-02055,farmacia,0.859768,21494.21
tx-000004746,merchant-01644,alimentos,0.351417,8785.42
tx-000004747,merchant-01255,electronica,0.392529,9813.23
tx-000004748,merchant-01846,farmacia,0.506584,12664.59
tx-000004749,merchant-02752,restaurante,0.627959,15698.98
tx-000004750,merchant-03609,ferreteria,0.027259,681.48
tx-000004751,merchant-04929,colmado,0.843736,21093.39
tx-000004752,merchant-01320,farmacia,0.289231,7230.77
tx-000004753,merchant-02602,alimentos,0.548029,13700.73
tx-000004754,merchant-00534,transporte,0.113143,2828.58
tx-000004755,merchant-00144,otros,0.519011,12975.28
tx-000004756,merchant-02636,servicios,0.721042,18026.04
tx-000004757,merchant-00851,ropa,0.040353,1008.83
tx-000004758,merchant-00029,otros,0.00789,197.25
tx-000004759,merchant-03175,otros,0.060301,1507.52
tx-000004760,merchant-01840,alimentos,0.121403,3035.07
tx-000004761,merchant-00606,alimentos,0.564512,14112.79
tx-000004762,merchant-03903,otros,0.649565,16239.12
tx-000004763,merchant-02314,otros,0.6455,16137.51
tx-000004764,merchant-01947,restaurante,0.387994,9699.84
tx-000004765,merchant-02828,restaurante,0.613383,15334.58
tx-000004766,merchant-01255,restaurante,0.480171,12004.27
tx-000004767,merchant-02951,ropa,0.537382,13434.54
tx-000004768,merchant-01429,transporte,0.146118,3652.96
tx-000004769,merchant-01314,servicios,0.999142,24978.55
tx-000004770,merchant-03537,electronica,0.740526,18513.14
tx-000004771,merchant-03768,transporte,0.145696,3642.4
tx-000004772,merchant-04436,ropa,0.711264,17781.61
tx-000004773,merchant-01025,servicios,0.987514,24687.86
tx-000004774,merchant-03325,transporte,0.209685,5242.12
tx-000004775,merchant-03774,restaurante,0.883854,22096.36
tx-000004776,merchant-03183,restaurante,0.445005,11125.13
tx-000004777,merchant-02671,transporte,0.364833,9120.83
tx-000004778,merchant-04342,ropa,0.134848,3371.21
tx-000004779,merchant-01565,otros,0.247515,6187.88
tx-000004780,merchant-02978,restaurante,0.196213,4905.32
tx-000004781,merchant-03345,servicios,0.549109,13727.73
tx-000004782,merchant-01750,transporte,0.644712,16117.8
tx-000004783,merchant-00891,colmado,0.143049,3576.22
tx-000004784,merchant-02461,otros,0.652933,16323.32
tx-000004785,merchant-01634,ropa,0.413294,10332.34
tx-000004786,merchant-01284,transporte,0.339008,8475.19
tx-000004787,merchant-03538,farmacia,0.937248,23431.19
tx-000004788,merchant-00196,ropa,0.943313,23582.82
tx-000004789,merchant-01412,electronica,0.387199,9679.97
tx-000004790,merchant-04616,farmacia,0.983665,24591.63
tx-000004791,merchant-04711,ropa,0.641956,16048.89
tx-000004792,merchant-02593,restaurante,0.152382,3809.55
tx-000004793,merchant-01070,restaurante,0.247207,6180.18
tx-000004794,merchant-04347,alimentos,0.317582,7939.55
tx-000004795,merchant-00536,ferreteria,0.676837,16920.93
tx-000004796,merchant-00433,servicios,0.023423,585.58
tx-000004797,merchant-02567,servicios,0.852896,21322.39
tx-000004798,merchant-01234,ropa,0.204601,5115.03
tx-000004799,merchant-00541,servicios,0.308947,7723.67
tx-000004800,merchant-02585,otros,0.623985,15599.63
tx-000004801,merchant-03659,restaurante,0.904706,22617.65
tx-000004802,merchant-01436,electronica,0.339944,8498.59
tx-000004803,merchant-04603,farmacia,0.304634,7615.85
tx-000004804,merchant-01246,farmacia,0.901016,22525.39
tx-000004805,merchant-04361,otros,0.416356,10408.89
tx-000004806,merchant-04602,colmado,0.41086,10271.51
tx-000004807,merchant-02304,ropa,0.629425,15735.63
tx-000004808,merchant-01202,restaurante,0.976172,24404.31
tx-000004809,merchant-00323,farmacia,0.098875,2471.87
tx-000004810,merchant-03874,transporte,0.880471,22011.78
tx-000004811,merchant-00164,otros,0.477926,11948.16
tx-000004812,merchant-02969,restaurante,0.688745,17218.63
tx-000004813,merchant-01490,restaurante,0.585722,14643.04
tx-000004814,merchant-04029,otros,0.8942,22355.0
tx-000004815,merchant-02784,ferreteria,0.345141,8628.53
tx-000004816,merchant-00565,farmacia,0.886718,22167.94
tx-000004817,merchant-02459,transporte,0.136674,3416.84
tx-000004818,merchant-00910,ropa,0.91693,22923.26
tx-000004819,merchant-02628,electronica,0.961652,24041.3
tx-000004820,merchant-00681,servicios,0.711985,17799.63
tx-000004821,merchant-04053,alimentos,0.603607,15090.17
tx-000004822,merchant-04836,transporte,0.622618,15565.46
tx-000004823,merchant-02992,electronica,0.991718,24792.96
tx-000004824,merchant-02296,colmado,0.193639,4840.98
tx-000004825,merchant-00193,restaurante,0.904471,22611.78
tx-000004826,merchant-01368,alimentos,0.31993,7998.26
tx-000004827,merchant-02512,electronica,0.650106,16252.66
tx-000004828,merchant-03547,servicios,0.450033,11250.83
tx-000004829,merchant-03753,ferreteria,0.042375,1059.37
tx-000004830,merchant-00258,farmacia,0.334253,8356.33
tx-000004831,merchant-00088,otros,0.872296,21807.4
tx-000004832,merchant-03119,ropa,0.021174,529.34
tx-000004833,merchant-03114,transporte,0.904726,22618.14
tx-000004834,merchant-02215,transporte,0.037911,947.78
tx-000004835,merchant-04200,transporte,0.336964,8424.09
tx-000004836,merchant-02803,farmacia,0.408381,10209.52
tx-000004837,merchant-02143,colmado,0.94302,23575.51
tx-000004838,merchant-02308,electronica,0.194518,4862.94
tx-000004839,merchant-03686,ferreteria,0.08514,2128.49
tx-000004840,merchant-02611,colmado,0.805864,20146.61
tx-000004841,merchant-00189,farmacia,0.896028,22400.69
tx-000004842,merchant-00877,ropa,0.806614,20165.36
tx-000004843,merchant-03059,ferreteria,0.076266,1906.64
tx-000004844,merchant-01942,ferreteria,0.155698,3892.45
tx-000004845,merchant-00080,alimentos,0.863963,21599.08
tx-000004846,merchant-02795,otros,0.73703,18425.76
tx-000004847,merchant-04774,restaurante,0.072242,1806.05
tx-000004848,merchant-02711,ferreteria,0.631741,15793.52
tx-000004849,merchant-00461,farmacia,0.61334,15333.5
tx-000004850,merchant-00665,farmacia,0.201122,5028.06
tx-000004851,merchant-00751,alimentos,0.09352,2338.01
tx-000004852,merchant-01910,ropa,0.434104,10852.59
tx-000004853,merchant-00651,transporte,0.051899,1297.47
tx-000004854,merchant-04337,ropa,0.321764,8044.1
tx-000004855,merchant-01617,restaurante,0.477092,11927.3
tx-000004856,merchant-01525,restaurante,0.606247,15156.17
tx-000004857,merchant-04849,alimentos,0.289487,7237.18
tx-000004858,merchant-04159,alimentos,0.443631,11090.78
tx-000004859,merchant-01620,electronica,0.081399,2034.98
tx-000004860,merchant-04441,otros,0.145605,3640.12
tx-000004861,merchant-01016,ferreteria,0.972778,24319.46
tx-000004862,merchant-02633,ropa,0.189822,4745.55
tx-000004863,merchant-04853,electronica,0.164099,4102.47
tx-000004864,merchant-04151,electronica,0.602351,15058.77
tx-000004865,merchant-02056,servicios,0.219822,5495.54
tx-000004866,merchant-04347,alimentos,0.735972,18399.31
tx-000004867,merchant-02062,electronica,0.655532,16388.31
tx-000004868,merchant-00530,alimentos,0.754788,18869.71
tx-000004869,merchant-02820,alimentos,0.064658,1616.44
tx-000004870,merchant-03524,ferreteria,0.620606,15515.14
tx-000004871,merchant-03654,alimentos,0.674687,16867.17
tx-000004872,merchant-00723,servicios,0.977213,24430.33
tx-000004873,merchant-02962,otros,0.588962,14724.06
tx-000004874,merchant-00540,otros,0.678839,16970.98
tx-000004875,merchant-02614,restaurante,0.263912,6597.81
tx-000004876,merchant-03936,servicios,0.359396,8984.91
tx-000004877,merchant-04007,servicios,0.500696,12517.39
tx-000004878,merchant-01559,ropa,0.546825,13670.63
tx-000004879,merchant-00350,servicios,0.588055,14701.37
tx-000004880,merchant-03782,servicios,0.410913,10272.82
tx-000004881,merchant-03304,restaurante,0.923599,23089.98
tx-000004882,merchant-03805,restaurante,0.868945,21723.62
tx-000004883,merchant-03159,transporte,0.15438,3859.49
tx-000004884,merchant-01143,servicios,0.949735,23743.37
tx-000004885,merchant-01224,transporte,0.382694,9567.36
tx-000004886,merchant-03559,farmacia,0.366979,9174.47
tx-000004887,merchant-01507,ropa,0.152736,3818.41
tx-000004888,merchant-03206,restaurante,0.096656,2416.41
tx-000004889,merchant-02764,ropa,0.1516,3790.0
tx-000004890,merchant-03214,farmacia,0.023637,590.93
tx-000004891,merchant-04501,electronica,0.304915,7622.88
tx-000004892,merchant-03986,otros,0.229284,5732.1
tx-000004893,merchant-03546,transporte,0.724282,18107.04
tx-000004894,merchant-01310,restaurante,0.947436,23685.91
tx-000004895,merchant-00490,servicios,0.969162,24229.04
tx-000004896,merchant-00549,servicios,0.961516,24037.91
tx-000004897,merchant-04980,electronica,0.706612,17665.3
tx-000004898,merchant-04250,restaurante,0.143195,3579.87
tx-000004899,merchant-03411,restaurante,0.804015,20100.37
tx-000004900,merchant-02524,farmacia,0.014942,373.54
tx-000004901,merchant-02545,otros,0.339903,8497.58
tx-000004902,merchant-00999,otros,0.43014,10753.49
tx-000004903,merchant-02310,servicios,0.131169,3279.23
tx-000004904,merchant-01050,servicios,0.725307,18132.68
tx-000004905,merchant-03880,ferreteria,0.566197,14154.93
tx-000004906,merchant-03032,transporte,0.019674,491.86
tx-000004907,merchant-02673,ropa,0.247618,6190.44
tx-000004908,merchant-02561,restaurante,0.910326,22758.15
tx-000004909,merchant-04547,servicios,0.787232,19680.81
tx-000004910,merchant-02713,ropa,0.578065,14451.63
tx-000004911,merchant-02637,otros,0.902052,22551.3
tx-000004912,merchant-01876,otros,0.971194,24279.84
tx-000004913,merchant-02041,restaurante,0.610168,15254.21
tx-000004914,merchant-00159,servicios,0.564172,14104.29
tx-000004915,merchant-00784,transporte,0.511938,12798.46
tx-000004916,merchant-02635,ferreteria,0.750692,18767.3
tx-000004917,merchant-03791,otros,0.530177,13254.43
tx-000004918,merchant-02180,ferreteria,0.90063,22515.74
tx-000004919,merchant-01583,electronica,0.450586,11264.65
tx-000004920,merchant-02981,alimentos,0.712484,17812.1
tx-000004921,merchant-01830,alimentos,0.4748,11869.99
tx-000004922,merchant-03954,colmado,0.32856,8214.0
tx-000004923,merchant-02235,servicios,0.147828,3695.7
tx-000004924,merchant-02574,otros,0.485728,12143.21
tx-000004925,merchant-01639,ropa,0.883447,22086.18
tx-000004926,merchant-04896,otros,0.95781,23945.26
tx-000004927,merchant-00497,ropa,0.122122,3053.04
tx-000004928,merchant-04130,electronica,0.524455,13111.38
tx-000004929,merchant-03081,transporte,0.24973,6243.25
tx-000004930,merchant-00090,electronica,0.701245,17531.12
tx-000004931,merchant-01181,electronica,0.262466,6561.65
tx-000004932,merchant-03453,ferreteria,0.027233,680.83
tx-000004933,merchant-01210,restaurante,0.369894,9247.36
tx-000004934,merchant-04549,farmacia,0.626638,15665.95
tx-000004935,merchant-02574,ferreteria,0.594657,14866.43
tx-000004936,merchant-03736,electronica,0.937029,23425.73
tx-000004937,merchant-04969,restaurante,0.199385,4984.63
tx-000004938,merchant-04805,farmacia,0.286193,7154.83
tx-000004939,merchant-00139,ferreteria,0.324158,8103.95
tx-000004940,merchant-02675,colmado,0.054319,1357.97
tx-000004941,merchant-01162,servicios,0.478147,11953.68
tx-000004942,merchant-03073,colmado,0.832141,20803.52
tx-000004943,merchant-03558,servicios,0.027414,685.36
tx-000004944,merchant-02676,otros,0.396747,9918.67
tx-000004945,merchant-00283,electronica,0.836401,20910.03
tx-000004946,merchant-04658,alimentos,0.325366,8134.15
tx-000004947,merchant-00458,farmacia,0.883493,22087.33
tx-000004948,merchant-00557,farmacia,0.497683,12442.08
tx-000004949,merchant-04283,farmacia,0.153267,3831.67
tx-000004950,merchant-01926,ferreteria,0.940242,23506.06
tx-000004951,merchant-02926,servicios,0.75515,18878.76
tx-000004952,merchant-02815,ferreteria,0.082996,2074.91
tx-000004953,merchant-04466,alimentos,0.493471,12336.77
tx-000004954,merchant-03244,farmacia,0.52563,13140.75
tx-000004955,merchant-00733,ropa,0.549001,13725.03
tx-000004956,merchant-00945,electronica,0.449601,11240.03
tx-000004957,merchant-00463,colmado,0.228941,5723.53
tx-000004958,merchant-01848,restaurante,0.026177,654.42
tx-000004959,merchant-01795,ropa,0.04431,1107.75
tx-000004960,merchant-01128,colmado,0.950066,23751.65
tx-000004961,merchant-03175,transporte,0.32082,8020.5
tx-000004962,merchant-02373,restaurante,0.021217,530.43
tx-000004963,merchant-03400,colmado,0.025466,636.65
tx-000004964,merchant-01640,otros,0.069826,1745.64
tx-000004965,merchant-01881,otros,0.037934,948.34
tx-000004966,merchant-02863,ferreteria,0.492482,12312.05
tx-000004967,merchant-03016,colmado,0.58242,14560.5
tx-000004968,merchant-01345,transporte,0.898782,22469.55
tx-000004969,merchant-04393,alimentos,0.214353,5358.82
tx-000004970,merchant-02306,electronica,0.91537,22884.26
tx-000004971,merchant-04186,transporte,0.55715,13928.75
tx-000004972,merchant-01652,otros,0.161544,4038.59
tx-000004973,merchant-01604,servicios,0.257766,6444.14
tx-000004974,merchant-03217,ferreteria,0.898132,22453.31
tx-000004975,merchant-03700,alimentos,0.651162,16279.04
tx-000004976,merchant-04193,transporte,0.446652,11166.31
tx-000004977,merchant-00924,alimentos,0.206181,5154.52
tx-000004978,merchant-00875,ropa,0.388677,9716.93
tx-000004979,merchant-04672,electronica,0.201742,5043.56
tx-000004980,merchant-01756,otros,0.833264,20831.6
tx-000004981,merchant-02957,restaurante,0.818224,20455.61
tx-000004982,merchant-01883,otros,0.056259,1406.47
tx-000004983,merchant-02068,ropa,0.890426,22260.65
tx-000004984,merchant-02539,alimentos,0.512077,12801.93
tx-000004985,merchant-01483,servicios,0.217991,5449.77
tx-000004986,merchant-03184,servicios,0.20794,5198.5
tx-000004987,merchant-03202,otros,0.458968,11474.21
tx-000004988,merchant-04028,restaurante,0.754351,18858.77
tx-000004989,merchant-02338,ropa,0.561708,14042.71
tx-000004990,merchant-00879,alimentos,0.079519,1987.97
tx-000004991,merchant-00410,alimentos,0.852976,21324.4
tx-000004992,merchant-00001,electronica,0.946894,23672.34
tx-000004993,merchant-04654,farmacia,0.44617,11154.26
tx-000004994,merchant-03016,ropa,0.099038,2475.96
tx-000004995,merchant-03467,servicios,0.64648,16162.01
tx-000004996,merchant-03421,alimentos,0.077947,1948.68
tx-000004997,merchant-00287,ferreteria,0.298875,7471.87
tx-000004998,merchant-02153,restaurante,0.303446,7586.15
tx-000004999,merchant-01677,ferreteria,0.930266,23256.64
